transaction_id,transaction_amount_usd,transaction_hour,distance_from_home_miles,is_foreign_transaction,transactions_last_24h,merchant_risk_score,fraud
T02095,47,6,57,0,4,29.3,Not Fraud
T02750,10.25,7,41.5,0,0,14.5,Not Fraud
T03128,143.73,5,52.8,0,1,55.9,Not Fraud
T02314,62.33,12,40.2,0,2,17.2,Not Fraud
T03236,89.04,7,4,0,1,33.9,Not Fraud
T00696,11.53,3,73.3,1,1,0.8,Not Fraud
T04181,181.4,13,142.1,0,1,26.1,Fraud
T01076,26.13,22,20,0,1,41.2,Not Fraud
T00940,20.11,3,35.2,0,2,22.2,Not Fraud
T01341,73.96,5,14.1,0,1,14.3,Not Fraud
T04988,7.28,11,9.3,0,4,4.3,Fraud
T00009,19.96,9,10.7,0,1,15.9,Not Fraud
T00973,139.94,4,57.5,0,2,48,Not Fraud
T00992,72.48,14,13.7,0,1,20,Not Fraud
T01512,53.91,22,28.9,0,0,18.4,Not Fraud
T02935,63.29,7,1.5,0,3,37,Not Fraud
T01017,11.72,21,6.6,0,4,8.5,Not Fraud
T04565,20.82,21,3.2,0,4,19.5,Not Fraud
T03388,17.78,13,13.2,0,2,30.2,Not Fraud
T01463,70.5,11,77.5,0,0,44,Fraud
T03105,10.97,4,7.5,0,3,30,Not Fraud
T00306,3.06,11,9.7,0,2,31.3,Not Fraud
T00925,18.34,12,1.4,0,3,15.2,Not Fraud
T02740,51.04,21,6.5,0,2,26.7,Not Fraud
T03732,42.19,12,12.5,0,3,27.4,Not Fraud
T01166,79.23,17,1.9,0,3,8.6,Not Fraud
T01517,15.57,2,1.9,0,4,22.4,Not Fraud
T04119,56.88,15,29.3,0,5,13.9,Fraud
T01832,59.57,19,6,0,6,40.6,Not Fraud
T00286,55.85,4,3.8,0,3,40.5,Not Fraud
T03460,11.83,8,15.9,0,3,8.5,Not Fraud
T02058,13.75,22,6.4,0,0,27.1,Not Fraud
T01272,26.21,7,107.1,0,0,18.6,Not Fraud
T02582,23.13,16,11.7,0,2,11.2,Not Fraud
T04273,17.91,20,7.4,0,0,51.7,Not Fraud
T02170,59.82,6,2,0,2,11.7,Not Fraud
T02778,120.2,5,9.8,0,1,21.1,Not Fraud
T04258,30.16,18,4.6,0,1,19.4,Not Fraud
T01128,109.61,13,6.7,0,3,3.6,Not Fraud
T02111,18.06,5,63.2,0,3,13.4,Not Fraud
T03806,28.86,7,5.1,0,3,58.3,Fraud
T03584,91.92,9,2.3,0,3,14.3,Not Fraud
T00299,32.72,0,4,0,0,30.1,Not Fraud
T03986,20.25,18,34.8,0,3,20.6,Not Fraud
T01778,128.46,0,7.3,0,6,25.9,Fraud
T03189,59.24,9,23.5,0,2,43.4,Not Fraud
T01593,43.13,6,0.3,0,1,29.8,Not Fraud
T03795,4.19,6,9.3,0,2,42.5,Not Fraud
T03970,44.79,3,10.3,0,1,15.3,Not Fraud
T02310,43.93,22,2.1,0,0,20.6,Not Fraud
T04212,55.21,10,21.8,0,1,50.8,Not Fraud
T01389,12.46,10,38.8,1,3,18.2,Not Fraud
T02968,44.85,3,9.7,0,1,34.5,Not Fraud
T01146,65.74,12,24.2,0,1,27.4,Not Fraud
T01888,30.82,14,5.4,0,3,28.9,Not Fraud
T01592,43.56,3,0.4,0,1,24,Not Fraud
T02500,17.57,4,19,0,5,42.3,Fraud
T00289,43.45,20,2.4,0,0,37.1,Not Fraud
T01674,120.85,22,1.4,0,5,5.5,Not Fraud
T00772,9.9,10,17.3,0,2,6,Not Fraud
T01987,91.02,6,74.9,0,0,35.4,Not Fraud
T02614,151.21,6,22.2,0,2,36.3,Not Fraud
T04068,75.99,9,18.6,0,1,12.9,Not Fraud
T03437,42.03,21,9.2,0,1,17.9,Not Fraud
T03136,32.76,4,35.2,1,0,10.4,Not Fraud
T00380,63.99,12,33,0,2,10.4,Not Fraud
T04197,16.18,14,2.4,0,2,36.9,Not Fraud
T03680,52.65,6,39.2,1,1,39.5,Not Fraud
T01266,62.75,18,1.6,0,3,25.4,Not Fraud
T03658,87.49,5,17.5,0,1,45.9,Not Fraud
T02134,47.82,1,5.2,0,2,49.2,Not Fraud
T00227,209.39,23,59.3,0,1,52.7,Not Fraud
T04846,64.21,23,1.8,0,2,14.8,Not Fraud
T03818,15.43,1,48.9,0,0,8.1,Not Fraud
T03219,16.67,16,9.8,0,1,66.7,Not Fraud
T03967,22.9,23,7.4,1,2,41.2,Fraud
T03278,46.27,12,7.4,0,0,32.9,Not Fraud
T04135,40.66,20,49.1,0,3,44.7,Not Fraud
T03564,168.55,18,9.1,0,2,9.4,Not Fraud
T03715,5.22,15,23.1,0,2,10.2,Not Fraud
T02282,186.48,12,1.3,0,2,46.5,Not Fraud
T02050,13.64,6,10.4,0,3,16.5,Not Fraud
T02268,35.81,5,7,0,0,25.3,Not Fraud
T02177,18.2,16,131.4,0,1,49,Fraud
T03959,1.9,17,17.3,0,6,12.6,Not Fraud
T02557,122.67,0,25.9,0,1,42.3,Not Fraud
T03110,36.22,6,161.4,0,1,23.2,Not Fraud
T02153,128.45,12,33.8,0,7,61.7,Not Fraud
T00464,253.82,4,3.8,0,2,11.6,Not Fraud
T01828,22.87,4,20.5,0,2,38,Not Fraud
T03690,27.69,0,36.7,0,4,29,Not Fraud
T03056,321.24,14,98.4,0,2,19.3,Fraud
T01211,26.45,11,10.2,0,6,57.3,Fraud
T00626,24.26,20,14.9,1,0,26.2,Not Fraud
T00052,74.66,11,79.3,0,4,23.2,Not Fraud
T00928,8.62,15,85.1,0,2,14.5,Not Fraud
T04224,63.17,13,0.3,0,0,23.3,Not Fraud
T04316,263.2,15,219.9,0,3,37.6,Fraud
T00151,95.97,18,1.8,0,2,14.8,Not Fraud
T04904,166.98,14,18,0,2,33.2,Fraud
T04453,440.96,5,15.1,0,2,12.9,Not Fraud
T00605,48.87,0,5.3,0,1,40.3,Not Fraud
T03797,135.11,3,3.8,0,1,25.8,Not Fraud
T01751,24.77,9,7.3,0,1,73.8,Not Fraud
T01004,70.17,8,7.3,0,3,22.1,Not Fraud
T03062,41.33,10,1.1,0,2,43.4,Not Fraud
T04998,69.16,4,11.6,0,1,12.1,Fraud
T03751,49.6,7,1,0,1,5.9,Not Fraud
T00255,12.71,12,72.9,0,2,21.2,Not Fraud
T01848,22.87,2,11.4,1,0,34.7,Not Fraud
T00996,35.23,4,12.4,0,2,3.4,Not Fraud
T00804,13.36,22,40.5,0,5,39.1,Not Fraud
T02586,48.18,6,28.4,0,4,38,Not Fraud
T02949,35.13,13,16.4,0,3,38.4,Not Fraud
T00387,53.79,19,7.4,0,3,15.2,Not Fraud
T00508,52.32,4,34.2,1,4,20.6,Fraud
T01700,3.66,3,88.1,0,2,38.3,Fraud
T04045,8.02,13,2.9,0,8,18.2,Not Fraud
T04406,40.57,9,11.1,0,3,44.2,Fraud
T04738,56.59,23,63.7,0,3,28.8,Fraud
T01753,7,3,94,0,6,9.7,Fraud
T00871,53.52,3,3.9,0,2,32.3,Not Fraud
T01791,161.88,13,49.4,0,2,18.7,Not Fraud
T02221,29.64,19,5.9,0,2,20.8,Not Fraud
T02833,223.02,6,34.6,0,1,35.8,Not Fraud
T01351,24.16,20,18.3,0,3,8,Not Fraud
T04156,13.55,12,3.8,0,4,57.2,Not Fraud
T02850,25.42,6,2.8,0,3,15.6,Not Fraud
T01055,235.62,14,49.3,0,0,24.6,Not Fraud
T04780,20.56,18,22.5,0,5,40.7,Fraud
T01682,17.79,17,6.4,0,2,19.1,Not Fraud
T01434,832.07,14,37.6,0,1,42.6,Not Fraud
T04221,11.48,21,13.1,0,3,44.6,Not Fraud
T02975,44.63,20,3.2,0,0,8.5,Not Fraud
T02531,18.98,3,0.2,0,3,4.7,Not Fraud
T01339,45.81,3,14.7,0,2,6.9,Not Fraud
T00893,49.64,18,19.7,0,3,32.1,Not Fraud
T03831,35.69,13,8.6,0,2,5.5,Not Fraud
T04844,15.94,13,21.4,0,3,18.9,Not Fraud
T02105,239.31,3,6.3,0,2,13,Not Fraud
T02002,98.22,15,1.3,0,2,22.7,Not Fraud
T00774,61.46,16,30.7,0,3,13,Not Fraud
T00954,24.92,18,16.9,0,2,37.2,Not Fraud
T03673,13.59,4,28,0,3,40.5,Not Fraud
T00833,26.7,4,17.4,0,0,43.4,Not Fraud
T02132,8.96,5,43.4,0,0,22.5,Not Fraud
T04130,71.49,3,2,0,4,48.6,Not Fraud
T02323,37.12,10,6.9,0,1,32.7,Not Fraud
T03244,52.02,11,13.4,1,1,46,Fraud
T03906,10.04,1,1.7,0,2,27.1,Not Fraud
T04297,12.15,0,1.4,0,3,23.9,Not Fraud
T02419,12.43,21,0.6,0,0,59.9,Not Fraud
T04553,13.9,14,2,1,1,31.6,Not Fraud
T01701,18.21,19,10,0,4,37.1,Fraud
T03446,37.87,23,17.9,0,4,7,Not Fraud
T02148,6.73,15,4.6,0,6,32.5,Not Fraud
T02197,17.29,6,7.3,0,1,21.8,Not Fraud
T01615,19.7,0,16.7,0,1,16.5,Not Fraud
T02965,2.37,10,29.3,0,3,8.4,Not Fraud
T01052,265.8,4,6.5,0,0,29.2,Not Fraud
T04215,14.49,16,2.9,0,1,44.2,Not Fraud
T00820,30.51,15,7.9,0,1,18.1,Not Fraud
T00062,163.93,8,2.9,0,4,16.6,Not Fraud
T01727,125.7,20,27.8,0,2,18.7,Not Fraud
T00910,21.27,15,1.2,0,2,29.1,Not Fraud
T03228,87.28,6,6.5,0,2,36.5,Not Fraud
T03687,13.44,8,8.1,1,2,56.9,Not Fraud
T01808,64.69,16,11.6,0,4,28.4,Not Fraud
T02910,31.01,13,1.5,0,4,16.8,Not Fraud
T03744,441.57,7,5.5,0,3,15,Not Fraud
T02974,70.88,11,15,0,1,38.1,Not Fraud
T02537,45.75,5,6.5,0,0,25.9,Not Fraud
T02536,41.4,19,33,0,5,44.2,Not Fraud
T00802,77.23,23,7.3,0,4,26.8,Not Fraud
T00869,28.98,22,35.7,0,2,29.6,Not Fraud
T00396,13.17,0,4.2,0,2,45.4,Not Fraud
T02873,104.11,14,22.7,0,0,46.1,Not Fraud
T00503,15.14,4,8.3,0,1,57.3,Not Fraud
T02620,12.79,23,73.7,0,1,25.7,Not Fraud
T00431,4.64,1,23.8,0,3,30.6,Not Fraud
T00324,11.83,18,35.5,1,0,21.7,Not Fraud
T00046,8.16,22,10.7,0,2,15.7,Not Fraud
T00524,84.85,17,29.4,0,1,63.7,Not Fraud
T04601,34.48,14,42.6,0,1,35.8,Not Fraud
T03196,36.67,11,31.9,0,5,14.2,Not Fraud
T03681,23.95,14,33.3,0,2,44,Not Fraud
T04367,26.18,15,17.4,0,1,9.8,Not Fraud
T04109,32.42,5,225.8,0,2,43,Fraud
T04542,43.9,19,48.1,0,2,16.6,Not Fraud
T01859,52.14,19,3.6,0,0,48,Not Fraud
T04671,8.55,21,8,1,5,16.4,Not Fraud
T02868,15.36,6,3.8,0,4,54.9,Fraud
T00117,150.23,13,35.5,0,3,50.2,Not Fraud
T01630,61.77,11,52.6,0,1,17.8,Not Fraud
T01707,223.54,11,1.2,0,2,59.6,Not Fraud
T02928,4.86,13,75.6,0,2,35.6,Not Fraud
T02776,186.79,13,26.7,0,3,20.7,Not Fraud
T00398,27.58,6,13,0,1,52,Not Fraud
T01920,51.56,10,20,0,1,30.6,Not Fraud
T01388,14.59,8,2,0,1,23.7,Fraud
T04428,7.97,17,33.8,0,3,19.4,Not Fraud
T01502,23.68,16,1.9,0,3,55.4,Not Fraud
T02347,315.76,13,7.8,0,2,39.2,Not Fraud
T00165,24.93,18,2.1,0,2,51.7,Not Fraud
T02832,22.32,20,0.9,0,6,20.6,Not Fraud
T02162,6.77,11,27.8,0,5,35.5,Not Fraud
T02294,5.37,4,9.4,0,1,47.3,Not Fraud
T01529,34.44,17,1.8,0,4,41.7,Not Fraud
T04019,18.04,5,139.2,0,2,13.5,Not Fraud
T00541,37.57,23,10.3,0,1,16.7,Not Fraud
T03519,20.79,5,5.1,0,1,20.5,Not Fraud
T04792,12.18,0,0.5,0,2,18.6,Not Fraud
T03492,14.25,18,37,0,0,17.6,Not Fraud
T04714,64.33,7,118.1,0,1,40.2,Fraud
T02442,118.54,20,38.7,0,3,28.2,Not Fraud
T04955,27.01,16,7.8,0,2,25,Not Fraud
T03413,208.37,15,3.3,0,4,6.5,Not Fraud
T03242,38.92,21,5.7,0,2,15.9,Not Fraud
T02511,25.73,17,10.5,0,4,21.2,Not Fraud
T03301,186.19,13,16.1,0,2,36.7,Fraud
T01010,8.99,17,25.6,0,3,49.1,Not Fraud
T02514,234.54,18,14.7,0,1,31,Not Fraud
T00997,138.94,19,4.7,0,1,22.9,Not Fraud
T03660,47.45,13,6.9,0,1,27.7,Not Fraud
T04163,25.78,8,0.3,0,1,23.2,Not Fraud
T03770,45.01,21,49,0,3,17,Not Fraud
T01015,257.58,10,5.3,0,1,36.9,Not Fraud
T01503,11.17,3,14.3,1,3,22.7,Fraud
T01443,24.53,4,12.2,0,3,12.8,Not Fraud
T02302,27.38,3,203.2,0,0,17.6,Fraud
T03299,31.89,13,80.7,1,1,29.5,Not Fraud
T02979,163.36,5,51.4,0,2,18.1,Fraud
T00546,117.84,8,259.5,0,2,10,Not Fraud
T04374,69.44,2,34.2,0,3,22.2,Not Fraud
T01407,10.74,5,5.2,0,2,22.4,Not Fraud
T00886,71.58,15,9.1,0,6,18.3,Not Fraud
T04158,36.44,8,2,1,2,23.2,Not Fraud
T04080,8.36,13,80,0,2,29.9,Fraud
T04239,71.21,2,18.3,0,4,20.4,Not Fraud
T02042,52.82,0,27.3,0,1,27.5,Not Fraud
T01708,18.82,1,13.6,0,3,24.5,Not Fraud
T02879,16.51,16,1.5,1,0,36.4,Not Fraud
T01003,219.75,6,9.9,0,3,23.7,Not Fraud
T03914,181.73,2,21.1,0,2,6.2,Not Fraud
T01207,36.37,16,3,0,1,39.4,Not Fraud
T02222,15.91,14,4.6,0,4,23.6,Not Fraud
T01521,14.21,21,30.3,0,3,12.7,Not Fraud
T01190,31.81,11,35.1,0,2,30.4,Not Fraud
T00699,7.4,17,14,0,0,14.6,Not Fraud
T04755,25.6,6,244,0,0,26.5,Fraud
T03636,40.18,12,22.2,0,1,36.7,Not Fraud
T03354,40.65,8,269.9,0,1,12.2,Fraud
T00805,61.39,4,3.8,0,5,50.8,Not Fraud
T04568,15.25,15,83.4,0,4,19.9,Not Fraud
T02358,89.19,5,6.8,0,3,48.9,Not Fraud
T00695,36.42,21,4.6,0,4,30.1,Not Fraud
T02304,90.94,3,2.3,0,1,25.7,Not Fraud
T01622,16.25,11,3.3,0,2,29.1,Not Fraud
T04001,78.49,21,3.2,0,1,56.2,Not Fraud
T01640,55.64,3,3.5,0,4,9.6,Not Fraud
T01902,119.54,0,1.3,0,4,30.2,Not Fraud
T00095,42.44,8,13.8,0,0,21,Not Fraud
T04630,33.36,7,3.8,1,4,36.3,Not Fraud
T04312,34.11,13,25.8,0,4,1.9,Not Fraud
T01825,39.13,23,15.5,0,3,50.1,Fraud
T01582,38.46,7,0.3,0,1,14.2,Not Fraud
T02804,24.39,18,8.5,0,3,41,Not Fraud
T01043,14.09,16,43,0,1,33.6,Not Fraud
T01229,21.71,10,14.7,0,3,24.9,Not Fraud
T00579,41.35,7,1.8,0,0,21.2,Not Fraud
T03946,59.24,18,1,0,3,32.6,Not Fraud
T01779,113.53,2,6.2,1,1,37.6,Not Fraud
T00260,35.54,22,20.2,1,6,47.9,Not Fraud
T03972,6.51,0,12.6,0,3,29,Not Fraud
T01109,5.63,10,8.3,0,4,28.8,Not Fraud
T01313,25.29,23,11.1,0,2,11.4,Not Fraud
T00792,10.33,11,25.5,0,4,44.8,Not Fraud
T04345,22.73,15,1.5,0,5,47.1,Not Fraud
T01344,22.19,18,2.5,0,0,38.1,Not Fraud
T03357,39.79,21,26.7,1,2,70.9,Fraud
T02679,32.34,19,1,0,4,47.3,Not Fraud
T01544,23.03,23,16.1,0,2,7.7,Not Fraud
T04748,16.04,7,19.1,1,4,33.8,Not Fraud
T04773,4.91,14,18.4,0,3,34.4,Not Fraud
T00885,58.09,3,8.5,0,4,25.8,Not Fraud
T03886,28.55,17,796.8,0,1,34.3,Fraud
T00593,18.13,20,0.9,0,4,29.7,Not Fraud
T02934,3.83,15,4.9,0,4,55.2,Not Fraud
T01473,48.32,17,4.5,0,4,14.8,Not Fraud
T04899,38.98,23,14.8,1,3,14.8,Fraud
T04911,121.07,2,4.3,0,0,21.6,Not Fraud
T04075,6.84,19,4.9,0,0,22.4,Not Fraud
T02755,71.69,6,8.2,0,0,16.1,Not Fraud
T01442,8.18,15,9.5,0,6,15.7,Not Fraud
T02655,55.73,9,0.3,0,5,8.4,Not Fraud
T02353,6.55,10,13.6,0,1,15.2,Not Fraud
T03919,216.27,8,3.7,0,1,31.7,Not Fraud
T03158,22.37,23,19.9,0,2,8.8,Not Fraud
T02031,67.49,11,4.5,0,2,30.5,Not Fraud
T03511,56.05,20,27.4,0,3,14.2,Not Fraud
T04905,14.47,5,2.3,0,4,31.9,Not Fraud
T03552,34.67,14,52.1,1,2,10.4,Not Fraud
T04117,68.13,16,112.7,0,1,50.6,Fraud
T03605,5.82,5,21.5,0,1,67.3,Fraud
T04125,7.86,8,3.7,0,4,22.5,Not Fraud
T04204,101.93,18,5.3,0,3,16.9,Fraud
T04376,1.75,21,3.5,0,5,24.7,Not Fraud
T02662,21.68,12,28.2,0,2,41.9,Not Fraud
T03312,39.6,20,2.3,0,0,10.6,Not Fraud
T03684,22.77,1,5.9,0,1,39.9,Not Fraud
T03833,5.34,13,2.3,0,3,30.2,Fraud
T01007,29.7,16,15.9,1,3,33.9,Not Fraud
T00630,24.55,11,10.3,1,3,3.3,Fraud
T01020,191.24,5,6.8,0,6,40.7,Not Fraud
T02329,38.1,15,41,0,1,19.7,Not Fraud
T01722,81.08,10,2.1,0,3,27.3,Not Fraud
T00534,85.86,4,321.9,0,1,15.5,Fraud
T00032,22.69,0,2.7,0,2,39.2,Not Fraud
T00338,30.68,13,0.7,0,0,17.1,Not Fraud
T02470,21.92,18,5.8,0,0,10.8,Not Fraud
T02298,49.81,12,78.3,1,1,69.2,Fraud
T00375,23.68,21,45.1,0,0,28.8,Not Fraud
T00192,98.72,5,27.9,0,2,28.3,Not Fraud
T03185,63.93,12,4.3,0,0,44.4,Not Fraud
T03913,38.77,4,3.1,0,4,29.6,Not Fraud
T03152,127.02,12,6.2,0,4,5,Not Fraud
T00924,66.15,23,2.1,0,0,25.1,Not Fraud
T03014,47.7,5,27.2,0,0,21,Not Fraud
T01943,188.44,17,3.6,0,2,26.9,Not Fraud
T00258,66.21,21,2.5,0,4,65.4,Not Fraud
T00835,10.33,19,9.5,0,0,31.2,Not Fraud
T04627,91.31,14,30.3,0,3,60.8,Fraud
T03933,3.96,3,16,0,3,32.5,Not Fraud
T01501,20.37,7,14,0,3,36.5,Fraud
T00828,22.92,16,91.2,0,3,44,Not Fraud
T02738,80.6,8,4.6,0,5,30.6,Not Fraud
T04103,37.94,21,60.8,0,2,20.3,Not Fraud
T04723,5.36,6,20.8,0,2,12.2,Not Fraud
T03315,13.88,2,22.5,0,1,18.5,Fraud
T03209,11.86,17,16.4,0,3,25,Not Fraud
T01011,104,12,2.2,0,2,37.8,Not Fraud
T01276,12.28,15,3.3,0,1,39.5,Not Fraud
T03440,113.16,19,1.5,0,2,16.8,Not Fraud
T04154,13.94,6,8.2,0,3,50.2,Not Fraud
T00279,37.28,13,7.9,0,2,40.1,Not Fraud
T01325,18.99,11,7,0,2,32.7,Not Fraud
T03486,19.39,15,55.4,0,2,36,Fraud
T02017,37.41,11,585.3,0,3,25.7,Fraud
T04572,212.74,1,0.7,0,2,39.2,Not Fraud
T01895,53.79,3,3.2,0,3,30.5,Not Fraud
T04237,36.32,11,34,0,3,43.6,Not Fraud
T04261,20.65,6,2.8,0,3,46.2,Not Fraud
T01136,23.22,1,18.9,0,3,26.3,Not Fraud
T00072,92.84,12,8.2,0,1,7.7,Not Fraud
T02458,15.85,13,22.1,0,1,13.8,Not Fraud
T02898,32.66,5,1.8,0,1,31.1,Fraud
T04178,37.17,7,11.4,0,4,8.7,Not Fraud
T02166,44.01,14,0.6,0,1,17,Not Fraud
T01918,52.25,17,5.7,0,3,25.1,Not Fraud
T04134,11.44,1,168.4,0,2,30.5,Fraud
T01113,273.94,10,3.7,0,2,24.5,Not Fraud
T02533,124.74,0,49.2,0,0,13.9,Not Fraud
T04188,6.41,16,6.4,0,3,15.4,Not Fraud
T00243,33.92,16,6.5,0,3,47.5,Not Fraud
T04042,15.41,4,5.2,0,4,28.9,Not Fraud
T03045,30.73,19,7.6,0,1,30.2,Not Fraud
T04259,18.33,13,19.7,0,2,33.2,Not Fraud
T04433,130,16,3.1,0,1,56.8,Not Fraud
T03685,151.07,4,10.6,0,2,29.1,Not Fraud
T02592,33.59,14,57.1,0,1,37.7,Not Fraud
T04166,31.71,9,4.2,0,1,41.3,Not Fraud
T04733,88.61,0,1.7,0,0,21.1,Fraud
T03395,28.39,2,11.7,0,1,51.9,Not Fraud
T00200,10.58,7,0.5,0,1,66.1,Not Fraud
T00513,146.45,12,4.4,0,4,12.1,Not Fraud
T03781,28.9,5,1,0,2,23.9,Not Fraud
T02444,16.13,14,1.4,0,3,15.9,Not Fraud
T04093,66.26,3,4.1,1,4,30.8,Fraud
T01188,13.03,1,18.5,0,3,17.9,Not Fraud
T00854,201.17,12,3.8,0,1,23.2,Not Fraud
T01200,27.42,22,22.8,0,2,29,Not Fraud
T01580,106.45,13,1.9,0,3,0.5,Not Fraud
T02858,197.18,0,4.8,0,4,56.1,Fraud
T03010,24.75,0,7.5,0,1,60.2,Not Fraud
T04584,29.37,0,37.2,0,3,6.5,Not Fraud
T01803,32.34,1,17.3,0,1,58.4,Not Fraud
T00332,59.15,21,3.5,0,1,41,Fraud
T01840,55.73,2,12,0,2,15.1,Not Fraud
T04980,170.96,12,4.2,0,6,35.6,Fraud
T03873,3.07,18,17.8,0,2,44.9,Not Fraud
T01081,3.99,0,13.4,0,2,32.9,Not Fraud
T00687,15.75,9,204.4,0,3,19.1,Fraud
T00414,25.87,3,23,0,3,17.7,Not Fraud
T02299,39.02,7,176.6,0,2,12.1,Not Fraud
T01425,8.91,4,37.4,0,2,23.2,Not Fraud
T01860,38.64,15,9,0,1,39.1,Not Fraud
T03917,188.9,18,10,0,1,8,Not Fraud
T00337,4.38,4,7.3,0,2,32.9,Not Fraud
T03931,43.84,13,6.4,0,4,40.8,Not Fraud
T00934,176.96,2,5,0,1,16.8,Not Fraud
T04644,28.71,15,29.2,0,5,26.3,Not Fraud
T03844,15.9,16,14.7,0,3,37.9,Not Fraud
T04550,220.65,5,6.9,0,1,18.9,Not Fraud
T00112,21.19,9,169.1,0,1,28.7,Fraud
T00301,506.68,12,197.6,0,1,10.6,Not Fraud
T03703,30.17,13,4.2,0,4,44.2,Not Fraud
T00185,65.35,18,1.3,0,3,24,Not Fraud
T03052,21.2,23,111.2,0,5,27,Not Fraud
T04414,128.91,22,44.4,0,4,18.4,Not Fraud
T00438,36.42,13,4.1,0,2,56.7,Not Fraud
T04589,32.25,11,29.6,0,2,17,Not Fraud
T03022,20.64,7,0.7,0,2,34.6,Not Fraud
T02019,12.68,3,13.6,0,1,39.3,Not Fraud
T01810,62.51,9,8.1,0,5,28.4,Not Fraud
T01644,7.99,4,8,0,7,24.6,Not Fraud
T02225,86.88,13,43.8,0,1,41.4,Not Fraud
T00905,7.39,10,12.4,0,2,57.3,Not Fraud
T03309,17.14,23,46.6,0,1,43.7,Not Fraud
T03145,23.33,15,39.1,0,1,13.9,Not Fraud
T04024,67.43,1,18.1,0,4,65.8,Not Fraud
T03360,7.96,1,20.5,0,6,41.5,Not Fraud
T03507,19.74,17,8.5,0,4,58.4,Not Fraud
T01254,75.39,10,0.2,0,1,3.8,Not Fraud
T01830,17.67,11,58.9,0,3,17.5,Not Fraud
T03809,384.94,16,7,0,2,19.3,Not Fraud
T00731,18.73,13,4.4,0,2,25.2,Not Fraud
T03810,4.32,3,26.6,1,2,18,Not Fraud
T00842,85.72,11,7.3,1,0,31.2,Not Fraud
T03207,17.78,22,23.2,0,2,17,Not Fraud
T01955,11.1,9,8.2,0,1,46.4,Not Fraud
T04051,8.43,6,21.5,0,1,17.7,Not Fraud
T00340,12.14,0,152.4,0,4,35.9,Fraud
T00415,10.03,14,3.8,0,0,35.9,Fraud
T04778,5.89,10,32.9,0,2,29.2,Not Fraud
T00785,199.39,7,13.3,0,3,21.3,Fraud
T02989,13.27,18,101.5,0,1,24.6,Not Fraud
T04253,67.87,16,2.3,0,1,67.2,Fraud
T00101,170.47,1,10,0,2,28.6,Not Fraud
T01303,22.23,7,6.1,0,1,12.1,Not Fraud
T00355,43.8,0,95.8,0,2,8.9,Not Fraud
T00023,48.56,23,72,0,3,14.4,Not Fraud
T00764,36.51,22,19.6,0,2,14.2,Not Fraud
T00930,167.2,6,3.7,0,2,41.9,Fraud
T02350,12.92,7,3.9,0,3,6.2,Not Fraud
T03678,198.24,23,4.2,0,3,66.9,Fraud
T01725,23.84,0,24.4,0,1,68.2,Not Fraud
T04318,83.26,18,13.8,0,4,1.6,Not Fraud
T04307,11.69,22,10.2,1,4,32.5,Not Fraud
T00075,118.83,19,22.7,0,2,36.4,Not Fraud
T04161,38.47,15,85.4,0,1,14.5,Not Fraud
T03271,4.94,14,10.7,0,3,36.7,Fraud
T00891,22.89,11,3.5,0,3,23,Not Fraud
T02074,7.25,13,1.9,1,1,29,Not Fraud
T03856,19.21,6,81.2,0,2,36.7,Not Fraud
T03945,21.19,23,28.4,1,1,5.1,Not Fraud
T03211,30.41,3,10,0,1,14.2,Not Fraud
T01696,19.52,7,2.5,0,5,65.1,Not Fraud
T04890,60.4,14,11.6,0,0,52.1,Not Fraud
T00066,107.15,13,1.2,0,0,41,Not Fraud
T01073,87.7,0,1.3,1,1,29.9,Fraud
T00782,109.88,3,164.6,0,6,40.2,Fraud
T02330,25.22,12,9.6,0,3,23.6,Not Fraud
T00395,29.51,5,1.8,0,2,50.4,Not Fraud
T03782,118.73,11,20.2,1,5,40.9,Fraud
T02539,32.11,12,21,0,1,58.3,Not Fraud
T02356,40.58,2,4.7,0,2,30.6,Fraud
T00290,13.19,21,2.6,0,3,30.4,Not Fraud
T04048,8.06,0,4.5,0,3,62.6,Not Fraud
T02201,205.18,14,1.6,0,1,51.9,Not Fraud
T02309,27.73,17,6,0,2,9.3,Not Fraud
T02430,73.46,9,4.6,0,1,46.5,Not Fraud
T01364,937.19,0,0.6,1,4,27.4,Not Fraud
T02741,8.92,10,11.8,0,2,7.4,Not Fraud
T02475,39.97,11,3.1,0,0,28.8,Not Fraud
T00468,43.17,20,4.7,0,4,11,Not Fraud
T03083,16.28,4,4.4,0,2,39.5,Not Fraud
T01221,17.04,1,43.9,0,4,31.5,Not Fraud
T03749,11.4,19,61.6,0,1,33.1,Not Fraud
T00481,72.98,8,11.9,0,4,48.7,Not Fraud
T00435,8.29,9,197,0,3,20.2,Fraud
T02548,16.59,16,5.3,0,3,33.1,Not Fraud
T02240,27.16,13,64.6,0,3,38.2,Not Fraud
T02051,23.78,19,5.9,0,4,18.9,Not Fraud
T03739,30.1,5,4.6,0,1,12.9,Not Fraud
T01996,44.38,13,2.4,0,1,52.1,Not Fraud
T00624,51.75,2,3.5,0,4,26.9,Not Fraud
T02716,9.43,0,376.7,0,1,39.1,Not Fraud
T02924,12.19,1,19.4,0,4,53.4,Fraud
T03417,4.39,13,6,0,2,35.5,Not Fraud
T02895,17.95,22,13,0,2,28.5,Not Fraud
T04378,23.37,18,17.2,0,3,34.2,Not Fraud
T02410,33.63,18,9.1,0,3,40.6,Not Fraud
T01252,63.84,8,0.3,0,1,31,Not Fraud
T04127,28.18,19,128.9,0,0,69.7,Not Fraud
T02768,19.99,0,24,0,2,44.3,Not Fraud
T04987,14.13,0,6.6,0,3,12.7,Not Fraud
T04089,83.29,16,44.4,0,1,21.6,Not Fraud
T02364,13.24,17,10.8,0,4,29.7,Fraud
T01572,317.42,14,24.3,0,3,38.8,Not Fraud
T03169,133.1,22,11,0,2,40.4,Not Fraud
T01558,32.17,15,14.6,1,1,32.3,Not Fraud
T03227,29.32,13,1.1,0,1,35.8,Not Fraud
T00978,16.68,15,3.9,0,2,36.5,Not Fraud
T04144,78.78,5,22.4,0,1,36.4,Not Fraud
T00757,60.11,19,20.9,0,1,20.2,Not Fraud
T04293,15.23,2,8.1,0,1,55,Not Fraud
T03338,40.3,9,25.7,0,4,12.6,Not Fraud
T01358,80.22,15,16.5,0,3,2.9,Not Fraud
T00681,30.58,4,20,1,3,15.7,Fraud
T00295,79.75,13,57.7,0,3,13.9,Not Fraud
T04285,42.01,18,3.1,0,3,19.6,Not Fraud
T02140,31.64,6,13.7,0,2,51.7,Not Fraud
T00030,22.56,22,24.7,0,0,14.1,Not Fraud
T03009,180.48,12,1.7,0,1,47.4,Not Fraud
T03548,11.26,3,18.2,0,0,9.9,Not Fraud
T01406,14.32,19,11.6,0,1,34.8,Not Fraud
T00783,11.89,9,23.1,0,2,24.9,Not Fraud
T00600,101.48,2,6.3,0,2,24.6,Not Fraud
T02433,26.89,16,2.5,0,4,59,Not Fraud
T01281,30.4,17,9.3,0,1,35.8,Not Fraud
T02319,98.15,5,15.9,1,3,30.9,Fraud
T01739,72.68,10,4.5,1,1,37.5,Not Fraud
T03521,13.9,10,22.5,0,0,3.1,Not Fraud
T03824,24.78,19,9.4,0,2,9,Not Fraud
T01960,6.73,7,8,0,1,58.1,Not Fraud
T02757,11.96,6,21.2,0,4,27.3,Not Fraud
T03280,16.05,5,5.9,0,1,28.4,Not Fraud
T04326,79.63,2,15.7,0,0,36.1,Not Fraud
T01331,82.23,23,5.3,0,1,39.9,Not Fraud
T00207,81.22,23,8,0,3,64.5,Fraud
T02388,72.32,19,11.3,0,1,25.8,Not Fraud
T01065,43.2,8,6.8,0,0,23,Not Fraud
T00903,14.25,20,0.7,0,0,11.4,Not Fraud
T03547,17.6,6,30.4,0,1,15.8,Not Fraud
T01938,52.79,5,13.9,0,2,16.7,Not Fraud
T02883,78.37,11,13.4,1,2,47.8,Not Fraud
T02916,108.61,19,38.6,0,1,52.5,Not Fraud
T02231,3.26,22,16,0,3,34,Not Fraud
T03430,25.45,2,5.2,0,1,12.9,Not Fraud
T01342,4.81,22,0.4,0,2,9.4,Not Fraud
T03372,21.29,17,170,0,1,31.1,Not Fraud
T01654,77.13,4,22.2,0,1,25.5,Not Fraud
T04507,18.44,18,34.8,0,1,14.2,Not Fraud
T04071,64.58,4,13.1,0,3,32.7,Not Fraud
T04573,11.72,9,7.6,1,0,31.4,Not Fraud
T01095,66.82,5,1.2,0,0,10.6,Not Fraud
T01178,55.98,7,10.7,0,2,24.7,Not Fraud
T03016,134.71,14,2.4,0,1,23.4,Not Fraud
T04106,19.24,23,1.4,0,3,41.6,Not Fraud
T00575,44.65,4,3.2,0,3,45.7,Not Fraud
T00335,12.16,8,8.8,0,2,38.3,Not Fraud
T02719,11.99,14,4.9,0,3,47.4,Not Fraud
T02334,14.74,15,62.8,0,1,13.4,Not Fraud
T04286,60.85,15,2.1,0,0,11.7,Not Fraud
T01386,24.11,16,25.5,0,2,30.4,Not Fraud
T04658,21.02,1,5.5,0,1,16.8,Not Fraud
T00490,35.37,13,6.4,0,1,19.8,Not Fraud
T03641,53.76,15,2.9,0,1,7.1,Not Fraud
T04900,130.64,1,31.6,0,0,21.6,Not Fraud
T01598,21.27,17,70.1,1,6,55.7,Not Fraud
T02368,34.23,16,20.7,0,7,33.6,Fraud
T04562,41.26,21,52.8,0,3,35,Not Fraud
T01603,4.07,16,28.8,0,0,18.6,Not Fraud
T02147,94.41,6,28.3,0,1,10,Not Fraud
T03709,28.75,4,37.2,0,1,25,Not Fraud
T01591,2.42,20,74.2,0,0,39.7,Not Fraud
T04469,5.24,4,28.7,0,5,19.1,Not Fraud
T02234,14.39,0,1.6,0,2,65.7,Fraud
T00697,119.25,16,38.6,1,3,14.1,Not Fraud
T00450,233.95,4,9.5,0,2,36.4,Not Fraud
T00819,5.6,10,4.6,1,4,34.1,Fraud
T04440,25.1,19,11,0,0,41.1,Not Fraud
T03724,114.84,17,2.2,0,4,20.4,Not Fraud
T01393,14.85,16,139.6,0,2,37.9,Fraud
T03321,22.02,7,6.4,0,4,43.9,Not Fraud
T01251,69.92,17,26,0,3,18.6,Not Fraud
T00113,205.11,9,17.6,0,4,3,Not Fraud
T04033,16.44,10,29.5,0,0,33.9,Not Fraud
T02142,26.5,15,23.9,0,2,28.6,Not Fraud
T03860,23.84,21,57.1,0,4,38.8,Fraud
T02218,21.56,0,10.2,0,2,54.6,Not Fraud
T00831,54.94,14,2.4,0,5,38,Fraud
T01436,43.22,18,4.6,0,3,48.4,Not Fraud
T00269,15.07,4,4.5,1,2,2.8,Not Fraud
T04381,41.36,9,2.6,0,3,21.9,Not Fraud
T01911,650.51,22,5.6,0,4,42.8,Fraud
T00796,12.82,6,20.7,0,2,18.2,Not Fraud
T02499,42.97,3,5.4,0,1,16,Not Fraud
T02852,86.91,6,16.2,0,2,5.1,Not Fraud
T03696,86.58,5,9.3,0,1,36.7,Not Fraud
T03347,30.77,16,10.7,0,2,35.6,Not Fraud
T04290,63.49,22,6.2,0,1,30.2,Not Fraud
T01438,16.96,22,30.3,0,1,13.4,Not Fraud
T02188,68.27,17,2.8,0,0,45.1,Not Fraud
T03890,24.11,5,3.6,0,1,5.7,Not Fraud
T02068,122.18,2,24.2,0,0,52.6,Fraud
T01916,116.21,12,4.6,1,2,63.3,Not Fraud
T02753,21.09,22,18.7,0,1,49.5,Not Fraud
T01439,12.34,9,30.7,0,2,17.3,Not Fraud
T00560,19.03,0,31.3,0,2,2.8,Not Fraud
T03887,67.27,11,65.8,0,3,28.2,Fraud
T04799,3.85,16,26,0,1,34.9,Not Fraud
T01925,55.68,21,43.6,0,1,15,Not Fraud
T02610,89.52,3,6.6,0,1,28.1,Not Fraud
T03150,15.8,13,23.7,0,2,20.9,Not Fraud
T01764,20.88,7,101.5,1,5,15.3,Not Fraud
T00651,9.21,1,16.6,0,4,9.7,Not Fraud
T04977,236.55,10,5.1,0,2,20.1,Not Fraud
T04978,20.37,8,15,0,1,46.4,Not Fraud
T00371,31.17,20,94.3,0,0,54.2,Not Fraud
T01432,112.87,1,25.2,0,0,42,Not Fraud
T02495,25.47,18,46.4,0,4,33.8,Not Fraud
T02920,11.16,6,93.7,0,3,42.5,Not Fraud
T03257,45.01,3,4.3,0,2,18.2,Not Fraud
T00568,77.54,5,2.5,0,3,17.1,Not Fraud
T01980,63.54,17,35.4,0,3,5.4,Not Fraud
T03050,40.96,16,0.2,0,3,20.2,Not Fraud
T04357,45.42,5,9.4,0,2,29.7,Not Fraud
T03683,118.05,10,2.7,0,2,27.9,Not Fraud
T03260,18.89,8,16,0,6,26,Not Fraud
T00467,141.64,3,480.5,0,5,47.8,Fraud
T04081,7.45,3,2.7,0,0,21.3,Not Fraud
T03883,9.58,21,28.6,0,0,3.7,Not Fraud
T02654,134.34,0,89.5,0,2,5.4,Not Fraud
T02220,20.77,7,18.4,0,2,11.1,Not Fraud
T02073,88.12,15,31.3,0,0,34.1,Not Fraud
T04668,8.94,12,20.6,0,0,19,Not Fraud
T04712,33.28,5,9.2,0,0,32.7,Not Fraud
T01461,128.97,17,5.4,0,4,16,Not Fraud
T04605,39.56,6,3.7,1,5,26.9,Not Fraud
T04926,10.31,6,21.7,0,1,25.1,Not Fraud
T04709,45.58,12,62.1,0,3,47.7,Fraud
T00010,28.77,11,0.9,0,0,37.5,Not Fraud
T04693,57.74,17,29.7,0,3,49.4,Not Fraud
T02577,42.42,19,13.2,0,5,11.7,Not Fraud
T01202,78.5,22,10.1,1,4,19.3,Not Fraud
T04806,97.16,7,25,0,2,22.5,Not Fraud
T02966,418.85,18,21.4,0,1,14.4,Not Fraud
T02192,64.43,16,6.2,0,5,7,Not Fraud
T03852,28.52,14,8.1,0,3,45.2,Not Fraud
T01288,74.26,1,2.1,0,2,22.5,Not Fraud
T01215,6.05,23,3,0,3,51,Not Fraud
T02490,26.61,20,13.4,1,6,9.5,Not Fraud
T00158,224.44,0,12.5,0,3,4.8,Fraud
T02237,28.31,12,1.9,0,0,32.3,Not Fraud
T04227,18.86,22,1,0,2,18.1,Not Fraud
T01741,123.56,21,7.1,0,0,16,Not Fraud
T02728,30.72,11,7.9,0,4,24.4,Not Fraud
T00678,106.37,23,8.4,0,3,15.7,Fraud
T02114,15.9,11,2.1,0,2,34.7,Not Fraud
T02842,91.81,13,78.3,0,7,43.8,Not Fraud
T00098,4.31,22,39.8,0,3,31.7,Not Fraud
T02893,63.1,16,15.9,0,0,15.1,Not Fraud
T01041,12.17,3,3.1,0,3,6.1,Not Fraud
T04484,39.47,9,6.1,0,1,58.5,Not Fraud
T01116,7.55,1,6.6,0,0,23.3,Not Fraud
T00447,41.32,17,21.6,0,2,14.7,Not Fraud
T02520,35.44,18,5.1,0,2,25.1,Not Fraud
T01135,41.64,14,11.2,0,2,15.6,Not Fraud
T02059,32.62,14,6,0,3,35.8,Not Fraud
T02427,34.92,7,3.7,0,2,17.8,Not Fraud
T04768,76.79,5,10.7,0,4,11.2,Not Fraud
T00373,209.08,16,2.8,0,1,29.7,Fraud
T02587,19.29,6,7.8,0,1,34.5,Not Fraud
T04617,76.27,8,4.1,0,2,24.6,Fraud
T03346,37.76,8,10.6,0,1,22.6,Not Fraud
T04810,6.3,19,1090.7,0,2,14.2,Fraud
T00181,14.45,19,2.1,0,2,20.3,Not Fraud
T00700,6.58,8,0.8,0,4,69.8,Not Fraud
T01141,86.61,8,13.2,0,3,32.8,Not Fraud
T02565,10.19,16,54.4,0,3,13.7,Not Fraud
T04148,28.2,19,7.1,0,3,29.3,Not Fraud
T04372,48.67,0,29.6,0,1,11.1,Not Fraud
T04847,6.87,10,9.2,0,1,19.5,Not Fraud
T00661,51.11,19,1.5,0,2,14.1,Not Fraud
T04416,37.76,6,18.2,0,0,18.6,Not Fraud
T03952,22.42,13,10.6,0,2,18.2,Not Fraud
T03759,26.15,6,0.7,0,2,34,Fraud
T03911,16.61,3,18.5,0,2,64.6,Not Fraud
T04893,120.48,1,12.1,0,4,25.6,Not Fraud
T01028,160.46,23,6.5,0,1,24.5,Not Fraud
T00259,18.76,11,227.7,0,2,21.6,Fraud
T00280,1.71,8,88.2,0,2,70.1,Not Fraud
T04114,28.46,7,5.9,0,0,21.2,Not Fraud
T03479,41.06,18,3.1,0,0,40,Not Fraud
T01457,17.36,5,9.9,0,1,43.5,Not Fraud
T02392,10.87,11,59.9,0,2,53.9,Not Fraud
T01771,25.71,10,68.7,0,4,58.1,Not Fraud
T01094,26.32,2,19.6,0,2,36.8,Not Fraud
T00958,31.3,21,45.7,0,1,7.5,Not Fraud
T01422,162.64,19,7.7,0,1,60.7,Not Fraud
T00941,42.48,21,24.6,0,3,30,Not Fraud
T04165,42.62,4,2.9,0,2,24.2,Not Fraud
T04107,613.54,8,54.5,1,5,26.5,Fraud
T00848,101.52,5,14.6,0,3,37,Not Fraud
T00780,23.24,12,41.6,0,2,10.2,Not Fraud
T00058,32.69,4,33.8,1,2,8.9,Fraud
T04954,5.05,12,2.2,0,2,16.1,Not Fraud
T01763,40.89,16,7.3,0,1,12.7,Fraud
T02876,13.9,21,1.2,0,1,39.2,Not Fraud
T02545,131.84,5,66.3,0,3,20.4,Not Fraud
T01379,22.5,15,20.5,0,1,9.7,Not Fraud
T03594,9.14,22,9.3,1,4,9.7,Not Fraud
T03859,76.16,7,40.1,0,8,23.2,Not Fraud
T00187,174.25,16,6.7,0,2,39.7,Not Fraud
T02273,40.24,18,13.8,0,4,24.2,Fraud
T04077,16.76,17,11.1,0,8,70.1,Fraud
T01849,22.36,5,0.9,0,2,31.7,Not Fraud
T02326,32.07,20,6.5,0,2,13,Not Fraud
T03371,7.34,23,12.2,1,1,27.8,Fraud
T03760,74.25,19,5.9,0,2,50.5,Not Fraud
T02483,24.67,6,0.2,0,6,13.4,Not Fraud
T04325,93.22,15,39.8,0,1,43,Not Fraud
T03063,93.64,17,7.9,1,1,19.2,Not Fraud
T02803,277.41,19,2.4,0,2,16.2,Not Fraud
T01494,7.96,16,4.1,0,2,43.1,Not Fraud
T00642,123.22,22,2,0,4,55.7,Not Fraud
T00673,21.81,22,4,0,4,36.6,Not Fraud
T02631,89.89,6,4.2,0,3,40.7,Not Fraud
T02421,110.76,1,3.4,0,0,25.4,Fraud
T01474,133.19,15,12.3,0,0,45.2,Not Fraud
T03788,39.86,19,23.4,0,3,24,Not Fraud
T04933,96.69,0,8.9,0,2,67.2,Not Fraud
T04971,155.63,5,7.1,0,1,26.2,Not Fraud
T03701,76.51,8,10.8,1,2,12.9,Not Fraud
T01431,34.51,2,0.8,1,2,37.6,Not Fraud
T04172,21.72,2,11.8,0,0,9,Not Fraud
T02085,27.96,21,4.7,0,5,20.7,Not Fraud
T01165,10.91,23,12,0,4,30.5,Not Fraud
T04819,11.64,16,5.7,0,2,9.1,Not Fraud
T02411,33.29,8,61.1,0,1,11,Not Fraud
T00843,258.14,2,73.8,0,3,24.5,Not Fraud
T00987,149.64,13,9.3,0,1,12.6,Not Fraud
T03977,159.56,13,26.7,0,0,17.8,Not Fraud
T03826,34.47,18,24.2,0,0,14,Not Fraud
T02635,11.98,14,3.7,0,3,48.6,Not Fraud
T03066,519.95,6,27.3,0,1,9.1,Not Fraud
T03383,62.17,3,1,0,3,52,Not Fraud
T00339,20.87,0,1.4,0,3,33.1,Not Fraud
T01267,29.67,3,215.3,0,1,69.5,Fraud
T03250,44.35,21,22.4,0,5,28.8,Not Fraud
T03631,24.8,16,3.9,0,4,29.2,Not Fraud
T04585,134.92,4,2.4,0,1,21.9,Not Fraud
T02812,40.61,4,16.9,0,1,8.4,Not Fraud
T00787,49.22,9,13.3,0,1,13.1,Not Fraud
T02658,6.35,22,20.8,0,4,21.3,Not Fraud
T03225,1.92,7,23,0,0,15.5,Not Fraud
T00679,119.9,14,39.9,0,1,26.2,Not Fraud
T00325,52.51,10,68,0,0,45.6,Not Fraud
T03481,66.26,11,35.2,1,2,3.6,Not Fraud
T01447,75.26,15,10.6,0,5,16.7,Not Fraud
T02656,40.59,0,7.3,0,1,33.5,Not Fraud
T04698,4.43,8,3.1,0,2,3.1,Not Fraud
T04622,92.3,20,12.1,0,5,14.5,Not Fraud
T04548,60.79,17,92.6,0,3,43.1,Fraud
T02981,14.2,4,53.2,0,3,21.3,Not Fraud
T01212,26.53,21,18.2,0,0,10.3,Not Fraud
T04418,35.96,2,8.1,0,4,7.3,Not Fraud
T03618,49,23,62,0,4,53.2,Not Fraud
T04061,30.42,3,0.2,0,2,16.8,Not Fraud
T00353,63.59,16,2.3,0,0,36.4,Not Fraud
T04918,82.96,0,15.5,0,2,16.6,Not Fraud
T03565,9.92,21,4.6,0,0,22.3,Not Fraud
T04182,53.81,20,1.4,1,1,37.7,Not Fraud
T03090,9.85,11,15.8,0,2,21.3,Not Fraud
T01032,857.9,9,30.3,1,0,31.7,Not Fraud
T04972,73.47,12,23.1,0,2,31.2,Not Fraud
T03274,68.64,19,8.8,0,1,24.2,Fraud
T01851,78.97,4,2.1,0,3,45.7,Not Fraud
T03503,13.55,0,8.1,0,5,18.3,Not Fraud
T01056,38.18,15,0.2,0,3,21,Not Fraud
T00501,76.79,22,10.1,0,2,36,Not Fraud
T00064,34.78,18,64.3,0,3,14.4,Not Fraud
T00861,5.88,18,105.9,0,0,57.4,Not Fraud
T03700,52.84,4,12.8,0,1,13,Not Fraud
T00211,36.36,13,66.1,0,2,62,Not Fraud
T02761,109.97,2,3.5,0,1,30.9,Not Fraud
T01942,13.4,2,5.3,0,1,13.8,Not Fraud
T02777,171.57,11,1.7,0,2,25.7,Not Fraud
T00715,8.79,19,23.2,0,2,29.2,Not Fraud
T03452,9.97,15,59.4,0,2,36.7,Not Fraud
T00119,68.25,21,4.3,0,2,26.7,Not Fraud
T02725,9.69,19,0.3,0,2,17.1,Not Fraud
T00759,3.27,17,3,0,0,17.3,Not Fraud
T04271,39.53,17,6.6,0,4,13,Not Fraud
T02502,90.85,2,3,1,2,34.8,Not Fraud
T04329,345.87,19,1.1,0,0,21.2,Not Fraud
T00125,43.51,12,4.3,0,3,44.3,Not Fraud
T01117,101.07,0,9.5,0,0,16.3,Not Fraud
T02322,30.68,18,0.7,0,3,32.6,Not Fraud
T01844,24.33,13,8.9,0,3,69.4,Fraud
T03190,43.3,8,1.8,0,3,45.7,Not Fraud
T04614,28.84,20,17.6,0,3,8.5,Not Fraud
T02478,13.76,8,31.3,1,4,59.2,Fraud
T00343,127.94,16,17.1,0,3,40.4,Fraud
T03909,23.13,2,2.8,1,2,10.6,Not Fraud
T02341,56.45,23,7.2,0,2,27.6,Fraud
T04352,24.36,18,90.5,0,1,6.2,Not Fraud
T02313,35.74,11,6.8,0,0,46.8,Not Fraud
T00505,5.56,9,4.2,0,4,1.4,Not Fraud
T03812,62.97,13,24.8,0,1,30.7,Not Fraud
T04298,18.24,7,99.8,0,3,32.6,Not Fraud
T04343,23.36,17,167.1,0,1,16.4,Not Fraud
T03896,55.04,14,4.5,0,2,25.5,Not Fraud
T03141,34.06,8,8.6,0,2,20.2,Fraud
T04133,26.11,0,15.5,0,2,7.3,Not Fraud
T02108,7.87,15,66.8,0,2,36.9,Not Fraud
T03420,24.37,21,2,0,0,30.8,Fraud
T02138,50.16,2,17.9,0,1,19.7,Not Fraud
T02270,25.48,3,155.4,0,3,16.7,Fraud
T01766,16.72,9,4,0,4,18.6,Not Fraud
T02339,35.89,14,25.6,0,4,71.3,Not Fraud
T00436,112.71,0,102.7,0,3,26.5,Fraud
T03659,99.95,23,0.4,0,1,24.2,Not Fraud
T02293,26,9,14,0,4,43.7,Not Fraud
T01912,44.12,2,78.1,0,1,38.2,Fraud
T01684,10.45,20,7.2,0,1,28.3,Not Fraud
T00159,26.24,7,70.7,0,3,62.3,Not Fraud
T02354,61.75,1,4.8,0,1,20.3,Not Fraud
T04100,41.31,17,104,0,5,5.9,Not Fraud
T03496,21.88,3,14.9,0,1,14.5,Not Fraud
T03994,226.17,0,19.8,0,2,2.3,Not Fraud
T01092,4.05,0,1.5,0,3,20.5,Not Fraud
T03144,22.73,5,24.9,1,1,22.1,Not Fraud
T03265,17.96,1,15.6,0,0,44.8,Not Fraud
T03574,16.59,1,11.9,0,2,30.6,Fraud
T03539,20.7,16,1.6,0,4,3,Not Fraud
T03156,55.75,9,1,0,0,16.1,Not Fraud
T04549,31.66,12,15.6,1,2,9.5,Not Fraud
T01250,12.82,12,0.1,0,0,22.4,Not Fraud
T02452,10.04,16,6.8,0,2,18,Not Fraud
T02210,59.24,17,2.8,0,1,12.4,Not Fraud
T03086,56.68,1,32.7,0,2,15,Not Fraud
T04234,23.31,2,11.8,0,1,23.1,Not Fraud
T00980,116.67,20,63.6,0,1,40.4,Fraud
T04217,68.31,17,39.5,0,1,45.2,Not Fraud
T00576,97.82,16,2.8,0,2,12.8,Not Fraud
T00028,40.14,13,12.9,0,3,52.8,Not Fraud
T03613,37.25,16,23.5,0,4,45.4,Not Fraud
T02053,2.06,23,13.1,0,3,24.9,Not Fraud
T00150,57.1,10,1.8,0,1,50.3,Not Fraud
T00378,36.64,15,66.6,0,2,51.7,Not Fraud
T02967,59.22,11,10.8,0,0,23,Not Fraud
T03023,27.48,20,214.7,0,0,38.1,Fraud
T02746,6.18,19,12.7,0,1,31.7,Not Fraud
T02060,57.41,19,6.4,0,1,49.9,Fraud
T01982,51.1,22,67.9,0,4,45.2,Not Fraud
T04175,39.72,3,2,0,1,38.5,Not Fraud
T00459,3.87,19,30.1,0,0,43,Not Fraud
T03522,30.67,16,156.8,0,2,35.6,Not Fraud
T02509,13.46,22,8.7,0,5,8.3,Not Fraud
T00602,227.55,16,46.8,0,0,15.3,Not Fraud
T03686,25,5,68,0,2,35.5,Fraud
T02236,18.19,7,2.2,0,3,19,Not Fraud
T03425,454.77,21,7.8,0,2,41.6,Not Fraud
T04628,19.82,22,2.3,0,2,9,Not Fraud
T01826,8.64,16,3.1,0,3,17.2,Not Fraud
T04621,20.26,18,19.9,0,1,28.9,Fraud
T01541,54.89,1,132.2,0,0,22.8,Not Fraud
T03323,16.56,0,11.8,1,0,40.2,Not Fraud
T01747,63.32,4,2.2,0,0,64.2,Not Fraud
T04288,28.81,1,2.6,0,2,8.7,Not Fraud
T01676,36.31,6,28.8,0,1,58.4,Not Fraud
T03840,23.36,4,167.8,0,0,32.1,Fraud
T02962,91.3,5,115,0,2,24.8,Fraud
T01335,201.57,19,32.1,0,4,37.1,Not Fraud
T04028,9.89,0,18.3,0,1,40.9,Fraud
T04143,19.81,12,13,0,1,27.9,Fraud
T00542,32.13,15,8.4,0,3,53.3,Not Fraud
T00216,40.93,18,5.8,0,3,50.1,Not Fraud
T04375,23.72,20,24.1,0,1,20.3,Not Fraud
T04193,37.09,17,15.6,0,3,29.5,Not Fraud
T02861,61.32,21,29.3,0,0,33.4,Not Fraud
T00730,56.57,8,9.2,0,1,29.9,Not Fraud
T00963,43.23,20,18.8,0,2,46.9,Not Fraud
T00263,164.97,22,36.3,0,1,23.1,Not Fraud
T01624,55.93,11,2.4,0,5,35.8,Not Fraud
T01054,36.51,23,1.5,0,7,13.5,Not Fraud
T03785,17.77,8,10.4,0,1,15.1,Not Fraud
T01410,19.16,3,0.3,0,0,29.7,Not Fraud
T00638,57.33,17,15.5,0,1,25.8,Not Fraud
T04399,28.25,1,68.5,0,2,33.8,Not Fraud
T01423,30.74,12,70.6,1,4,20.4,Not Fraud
T02698,220.67,10,22.4,0,1,13.3,Not Fraud
T03264,56.54,3,3.5,0,1,35.5,Not Fraud
T02890,136.85,2,4,0,2,64.5,Not Fraud
T01292,382.63,9,14.4,0,0,33.4,Not Fraud
T00155,81.87,11,6.5,1,2,12.1,Not Fraud
T04655,13.07,6,10.2,0,4,23.2,Not Fraud
T04240,41.01,0,8.5,0,1,3.7,Not Fraud
T01737,97.97,0,3,0,4,28.6,Not Fraud
T02516,31.75,13,43.6,0,5,48,Fraud
T04332,25.61,3,20.7,0,3,34.3,Not Fraud
T00937,23.31,7,18.9,0,5,49.2,Not Fraud
T03424,13.96,7,29.1,0,3,45.8,Not Fraud
T00448,282.14,11,61,0,2,9.2,Not Fraud
T03232,395.78,13,12.1,0,2,23.1,Not Fraud
T00913,69.45,18,0.6,0,5,14.3,Not Fraud
T02931,20.86,12,7.1,0,2,20.5,Not Fraud
T04385,166.53,13,10.6,0,2,37.8,Not Fraud
T03035,13.57,19,44.5,0,3,27.6,Not Fraud
T02818,21.22,19,3.8,0,4,14,Not Fraud
T01487,3.53,14,13.9,0,5,28.4,Not Fraud
T04115,61.05,21,14.2,0,3,28.6,Not Fraud
T02535,35.55,20,10.7,0,3,34.3,Not Fraud
T01695,11.36,17,19.5,0,4,0.7,Not Fraud
T00694,25.98,23,60.9,0,4,30.2,Not Fraud
T00708,19.6,19,2.5,0,1,20.4,Not Fraud
T02676,32.01,17,3.3,0,3,11.2,Not Fraud
T04441,191.19,13,2.5,0,1,54.5,Not Fraud
T01720,35.13,14,4.4,0,3,21.8,Not Fraud
T04361,35.08,18,2.4,0,2,45.3,Not Fraud
T00781,61.78,14,3.3,0,2,27.2,Not Fraud
T01285,102.61,18,42.4,0,2,56,Not Fraud
T03011,20.96,16,20.9,0,2,30.8,Not Fraud
T03064,16.09,19,2.7,0,1,52,Not Fraud
T03047,15.44,20,3.3,0,3,33.3,Not Fraud
T03478,169.1,10,3,0,3,69.7,Fraud
T00722,19.09,1,3.9,0,2,51.2,Not Fraud
T04887,32.45,11,2.1,0,1,15.3,Not Fraud
T03920,59.94,12,100.2,1,3,19.5,Not Fraud
T00090,66.41,17,16.4,0,3,22,Not Fraud
T03053,54.91,6,71.1,0,3,14.1,Not Fraud
T02056,114.31,6,0.9,1,2,28.5,Not Fraud
T02195,6.46,21,7.7,0,2,27.6,Not Fraud
T03314,29.51,16,14.7,0,3,25.9,Not Fraud
T03334,104.52,15,4.2,0,2,50,Not Fraud
T04822,97.83,6,12.8,0,4,15.1,Not Fraud
T01528,79.6,20,6.8,0,1,18.3,Not Fraud
T02244,82.28,13,21.9,1,4,2.3,Fraud
T01975,201.76,14,23.1,0,1,20.1,Not Fraud
T03928,27.81,5,3.9,0,2,14.6,Fraud
T02191,35.44,16,1.4,1,3,8.7,Not Fraud
T02690,278.46,9,72,0,2,52.1,Not Fraud
T03147,25.23,16,0.4,0,2,33.4,Not Fraud
T02506,46.22,10,4.4,0,2,35.2,Not Fraud
T00853,103.49,0,11.9,0,2,31.5,Not Fraud
T01429,179.26,13,0.6,0,2,18.2,Not Fraud
T01256,29.03,4,5.9,1,2,17.9,Not Fraud
T00595,453.19,6,4.1,0,8,24.6,Not Fraud
T04276,11.25,21,19.3,0,3,22.4,Not Fraud
T03428,29.02,1,21.5,0,1,9.6,Fraud
T00341,54.99,13,1.7,0,1,54.7,Not Fraud
T04612,113.12,19,2.1,0,4,20.9,Not Fraud
T04592,81.92,18,6,0,0,21.9,Not Fraud
T03557,69.24,13,4.5,0,0,31.4,Fraud
T02668,30.34,22,75.9,0,2,17.2,Not Fraud
T00446,13.08,8,11.7,0,3,24,Not Fraud
T01986,51.49,4,6,0,2,37.5,Fraud
T00272,36.12,16,176.1,1,2,52.4,Fraud
T04556,9.05,3,9.3,0,2,14.9,Not Fraud
T03171,150.14,17,38,0,3,32.1,Not Fraud
T01433,32.63,3,6.9,0,6,36.1,Not Fraud
T02626,31.7,1,1.3,0,1,42.7,Not Fraud
T00609,106.84,6,11.6,0,4,21.3,Not Fraud
T02033,120.29,4,6.6,0,3,44.3,Not Fraud
T03816,5.17,20,36.9,0,2,19.2,Not Fraud
T04245,21.44,23,25.1,0,2,8.5,Not Fraud
T00515,33.58,4,5.9,0,4,41.5,Fraud
T03790,43.09,17,0.6,0,4,9.9,Not Fraud
T01478,97.73,4,14.9,0,3,52.6,Not Fraud
T04467,16.5,20,7.9,0,5,27.6,Not Fraud
T01774,30.47,23,1.1,0,0,6.3,Not Fraud
T01488,6.06,14,50.4,0,2,13,Not Fraud
T03057,21.88,20,70.5,0,1,28.9,Fraud
T04162,148.13,21,5.5,0,3,5.6,Not Fraud
T03646,110.37,15,24.2,0,2,13.3,Not Fraud
T01459,174.8,6,28,0,2,16.1,Not Fraud
T02977,176.03,21,17.6,1,5,36,Not Fraud
T01133,7.15,21,2.3,0,2,50.9,Not Fraud
T00093,57.48,10,15.7,0,0,50.6,Not Fraud
T00740,12.3,2,9,0,3,49.5,Not Fraud
T02567,69.55,1,4.4,0,1,45.5,Not Fraud
T03872,16.05,21,3.3,0,1,26,Not Fraud
T01160,76.86,13,18.5,1,3,25.6,Not Fraud
T00161,116.57,9,44.1,0,1,24.1,Not Fraud
T03051,30.46,19,4.8,0,0,38.1,Not Fraud
T00369,36.89,17,20.3,0,5,24.2,Not Fraud
T04533,31.14,19,9.6,0,4,25.4,Not Fraud
T04629,15.75,12,2.6,0,1,23.7,Not Fraud
T03355,107.74,3,9.6,0,1,46.9,Fraud
T00775,20.35,13,30.6,0,0,38.9,Not Fraud
T04873,40.05,7,71.4,0,3,11,Not Fraud
T03311,14.43,17,6.1,0,5,5.8,Not Fraud
T04516,11.83,11,14.4,0,1,6.9,Not Fraud
T01370,4.86,11,2.6,1,2,16.9,Not Fraud
T04294,14.58,5,69.9,0,2,26.7,Fraud
T04031,13.85,21,3,0,5,35.5,Not Fraud
T00374,11.79,9,33.5,0,4,60.2,Fraud
T02151,13.81,17,1,0,0,24.2,Not Fraud
T04151,104.75,9,5.7,0,3,59.6,Not Fraud
T02124,28.53,4,3.1,0,0,45.3,Not Fraud
T03124,4.62,21,19.7,0,3,23.3,Not Fraud
T03652,46.22,8,57.9,0,0,55.9,Not Fraud
T02841,12.52,11,56.4,0,4,68.8,Fraud
T04309,115.81,9,7.8,0,4,1.8,Not Fraud
T00186,22.75,17,9.6,0,1,2.7,Not Fraud
T04122,10.41,1,11.6,0,2,34.3,Not Fraud
T00180,45.2,13,4.7,0,2,14,Not Fraud
T03762,83.74,1,1.5,0,4,13.2,Not Fraud
T00132,69.5,1,9.9,0,2,26.7,Not Fraud
T04210,50.07,10,2.4,0,0,37.1,Not Fraud
T04815,97.69,18,0.8,0,3,20.9,Not Fraud
T01355,17.52,9,8.3,0,1,33.3,Not Fraud
T01312,37.49,13,16.7,1,3,49,Not Fraud
T00738,432.31,18,4.8,0,0,8.1,Not Fraud
T04851,53.12,21,13.5,0,2,16,Not Fraud
T01689,12.4,11,2.8,0,5,43.9,Not Fraud
T00836,79.65,3,5.6,0,4,12.1,Not Fraud
T04472,2.48,7,50,0,2,12.2,Not Fraud
T01721,58.31,6,26,0,2,23.8,Not Fraud
T00377,9.92,22,1.1,0,7,47.4,Fraud
T01762,505.5,16,4,0,2,51.4,Not Fraud
T01818,30.6,8,12.7,0,2,39.7,Not Fraud
T01085,4.46,21,10,0,1,49.8,Fraud
T02121,48.56,19,11.3,1,1,52,Fraud
T01071,30.8,14,14.8,0,6,9.8,Not Fraud
T01703,47.28,22,3.8,0,1,19.1,Not Fraud
T02219,21.51,2,12.7,0,0,17.9,Not Fraud
T03453,72.26,11,104.3,0,1,17.9,Not Fraud
T04190,16.31,20,10.3,0,3,35.6,Not Fraud
T01374,33.21,20,91.9,0,5,15.6,Not Fraud
T03368,30.59,1,5.6,0,1,8.1,Not Fraud
T04146,13.84,2,193.8,0,1,34.5,Fraud
T03249,10.82,13,21.1,0,2,62.2,Not Fraud
T00121,7.17,7,12.9,0,4,28,Not Fraud
T02646,134.46,9,48.4,0,5,25.4,Fraud
T04639,58.78,19,4.5,0,5,9,Not Fraud
T02625,17.99,22,25.7,0,3,32,Not Fraud
T00383,40.57,5,10.8,1,1,22,Fraud
T04196,7.78,12,10.3,0,5,23.9,Not Fraud
T00770,2.13,18,14.9,1,2,26.9,Not Fraud
T03238,14.07,18,9.3,0,0,24.4,Not Fraud
T00444,23.69,21,0.6,0,1,13.4,Not Fraud
T00149,66.96,0,4.7,0,1,20.4,Not Fraud
T04927,456.97,3,2.1,0,5,16.9,Not Fraud
T03984,30.23,21,14.8,0,6,8.9,Not Fraud
T02183,11.37,7,3.3,0,2,13,Not Fraud
T01922,50.57,1,3.8,0,1,29.6,Not Fraud
T04266,106.6,10,5.5,0,3,16.8,Not Fraud
T02824,15.88,5,16.1,0,1,26,Not Fraud
T00267,27.21,23,16.1,0,0,8,Not Fraud
T02696,298.2,23,11.8,0,2,67.1,Not Fraud
T04783,93.8,7,5.9,0,0,17.3,Not Fraud
T00251,80.38,17,25.5,1,1,17,Not Fraud
T02982,242.08,2,14.8,0,2,2.6,Not Fraud
T02176,74.27,4,9.6,0,2,22.7,Not Fraud
T00808,28.98,15,23.9,0,3,30.1,Not Fraud
T02158,9.44,12,24,0,1,10.4,Not Fraud
T00479,87.26,3,35.3,0,2,9.7,Not Fraud
T02130,26.1,23,7.4,0,4,53.4,Not Fraud
T02971,71.79,23,23.7,0,1,34.4,Not Fraud
T02665,140.41,16,5.2,0,2,10.1,Not Fraud
T03226,20.23,12,4.3,0,2,15.4,Not Fraud
T04191,11.51,22,3.9,0,5,18.9,Not Fraud
T00174,189.12,7,0.9,0,0,46.8,Not Fraud
T04567,47.25,11,14.7,0,2,15.7,Not Fraud
T04833,10.79,15,14.3,0,3,37.5,Not Fraud
T02708,142.57,12,5.4,0,1,54.9,Not Fraud
T00627,197.77,20,13.4,0,2,41.6,Not Fraud
T04138,476.18,14,11.6,0,1,28.3,Not Fraud
T01175,55.44,9,6.8,0,3,10.2,Not Fraud
T01371,50.7,16,3.4,0,2,22.2,Not Fraud
T04194,85.72,9,7,0,2,48.2,Fraud
T02212,11.47,9,75.4,0,2,25.9,Not Fraud
T00400,66.97,3,13,0,1,23.2,Not Fraud
T04975,28.76,9,3.5,0,1,60.2,Not Fraud
T02048,10.49,17,47.7,0,4,10.8,Not Fraud
T03221,133.93,5,13.8,0,4,52.3,Not Fraud
T04457,63.57,4,0.6,0,4,11.1,Not Fraud
T04377,54.73,20,5.5,0,3,6.4,Not Fraud
T03044,98.33,14,3.4,1,4,10.3,Not Fraud
T03543,32.38,14,3.5,0,1,8.5,Not Fraud
T00232,30.99,12,1.5,0,1,40.7,Not Fraud
T01227,53.11,19,5.1,0,3,13.4,Fraud
T03216,40.99,4,25.2,1,2,23,Fraud
T00111,16.55,14,65.3,1,6,42.8,Fraud
T01656,30.91,16,41.3,0,2,24,Not Fraud
T04859,9.35,8,2.3,0,3,45.9,Fraud
T04599,33.63,14,4.6,0,0,32,Not Fraud
T00331,71.79,5,769.3,0,1,36,Fraud
T00938,39.27,12,3.4,0,1,47.8,Not Fraud
T00092,20.61,10,17,0,3,29.6,Not Fraud
T03121,13.75,15,1,0,4,14,Fraud
T03451,66.27,22,9.3,0,0,46.3,Not Fraud
T01573,5.04,2,1,0,3,32.7,Not Fraud
T00960,191.45,11,35.3,0,3,7.5,Not Fraud
T00578,29.26,3,10.9,0,3,8.7,Not Fraud
T01151,10.37,5,40.8,0,1,43.9,Fraud
T01623,168.8,23,83.7,0,1,38.9,Not Fraud
T02581,87.98,12,11,0,2,15.9,Not Fraud
T01169,3.12,18,3.8,0,2,22.1,Not Fraud
T00169,59.51,3,7.7,0,3,38.7,Not Fraud
T03734,64.32,3,3.1,0,2,23.7,Not Fraud
T02367,85.84,23,10,0,3,14.7,Not Fraud
T02193,37.59,16,40.8,0,1,7.5,Not Fraud
T03757,21.45,2,3.6,0,1,3.1,Not Fraud
T02046,27.76,6,3.3,0,1,15.5,Not Fraud
T01793,118.23,7,2.9,0,2,43.3,Not Fraud
T00196,59.63,1,8.3,0,4,49.7,Not Fraud
T04961,50.06,10,3.1,0,2,32,Not Fraud
T03746,29.55,10,34.8,0,3,44.8,Not Fraud
T00507,37.3,18,34.9,0,4,17.2,Not Fraud
T01486,3.97,6,7.4,0,4,58,Not Fraud
T01181,30.19,18,1.8,0,1,14.9,Not Fraud
T02457,19.35,23,0.3,0,5,22.4,Not Fraud
T01411,139.43,18,18.5,0,1,60.9,Fraud
T00953,42.77,13,1.2,0,3,41.1,Not Fraud
T01275,60.99,5,26.3,0,2,32.9,Fraud
T02027,282.96,9,2.5,0,3,46.8,Not Fraud
T00129,11.85,20,5.2,0,1,61.5,Not Fraud
T04229,97,13,5.9,0,1,38.6,Not Fraud
T00991,101.24,7,21.1,0,5,9.5,Not Fraud
T02950,20.06,0,17.4,0,1,29,Not Fraud
T04837,64.9,12,12.4,0,3,9.8,Not Fraud
T03379,71.25,18,1.8,0,2,30.3,Not Fraud
T03838,5.59,17,3.6,0,1,33.5,Not Fraud
T03406,10.45,1,9,0,2,11.7,Not Fraud
T03593,18.41,1,28.7,0,3,25.3,Not Fraud
T00818,236.39,19,71.7,0,2,47.4,Not Fraud
T01731,12.54,20,3.1,0,0,17.8,Not Fraud
T04532,26.68,11,52.6,0,4,34.8,Not Fraud
T04157,46.52,18,1.1,1,2,4.2,Fraud
T03034,20.86,16,19.8,0,2,34.3,Not Fraud
T00059,27.78,3,13.2,0,4,30.6,Not Fraud
T02360,63.46,15,2.8,0,2,30.2,Not Fraud
T04854,35.86,2,4.6,0,6,42.5,Not Fraud
T04811,52.12,14,4.6,0,2,19.1,Not Fraud
T02524,32.93,10,13.4,0,3,15,Not Fraud
T02849,66.38,1,15.1,0,2,14.2,Not Fraud
T01901,168.95,6,10.9,0,0,21.3,Not Fraud
T00253,43.8,11,23.1,0,3,24.4,Not Fraud
T04546,79.06,9,8.2,0,5,70,Not Fraud
T03400,22.56,0,16.8,0,2,12.2,Not Fraud
T02209,63.53,15,17,0,5,9,Not Fraud
T00927,13.82,16,32.4,0,0,16.8,Not Fraud
T04095,108.76,17,52.4,1,2,16,Not Fraud
T04105,50.45,10,32.5,0,1,59.9,Not Fraud
T02720,6.14,18,7.1,1,4,5.9,Not Fraud
T02703,8.85,3,6.4,0,1,48.9,Not Fraud
T02810,39.66,13,4,0,7,45.9,Fraud
T00588,16.96,5,34.7,0,0,17.1,Not Fraud
T03622,20.23,13,11.6,1,2,19.2,Not Fraud
T03698,11.15,6,21.2,0,1,39.7,Not Fraud
T00528,14.43,19,25.6,0,3,20.6,Not Fraud
T02517,117.28,20,37.4,0,2,20.3,Not Fraud
T00922,182.59,22,23,0,4,16.3,Not Fraud
T02119,65.84,23,2.5,0,3,5.8,Not Fraud
T04252,36.28,11,4.4,0,4,39.7,Not Fraud
T01693,113.58,0,33.8,0,1,52.2,Fraud
T02791,9.45,23,5.2,0,1,21,Not Fraud
T02422,192.27,0,0.5,0,0,36,Not Fraud
T01231,30.08,8,5.9,0,2,29.8,Not Fraud
T02383,3.95,7,12.1,0,1,16,Not Fraud
T04872,280.67,0,8.9,0,1,17.4,Not Fraud
T03828,260.21,19,4.1,0,4,40.3,Not Fraud
T03847,66.27,13,24.7,0,1,37.8,Not Fraud
T03474,4.77,8,10.8,0,2,20.8,Not Fraud
T00594,23,20,7.2,0,2,27.2,Not Fraud
T01308,22.29,1,12.2,0,0,76.2,Fraud
T00221,25.18,9,378.4,0,0,37.8,Fraud
T02286,28.55,19,53.4,1,3,20.6,Not Fraud
T00362,49.84,4,1.5,0,3,66,Fraud
T03937,148.09,0,41,0,3,20.4,Not Fraud
T00537,246.65,16,4.2,0,5,5.4,Not Fraud
T04435,45.01,11,3.7,0,2,33.8,Fraud
T00083,25.56,17,1.9,0,0,19.3,Not Fraud
T01327,22.04,11,80.4,0,3,20.7,Not Fraud
T01080,24.36,7,1.5,0,3,52.7,Fraud
T04902,27.83,14,27.7,0,0,25.5,Not Fraud
T01262,1,5,17.2,0,3,23.7,Not Fraud
T04842,15.06,12,1.1,0,1,47.5,Fraud
T01815,117.4,17,8,0,1,33.5,Not Fraud
T01059,44.99,14,17.6,0,1,48.3,Not Fraud
T02238,16.63,8,52.3,0,2,42.4,Fraud
T01634,148,3,3.9,0,1,30.7,Not Fraud
T00495,34.75,10,5.6,0,2,30,Not Fraud
T01208,23.48,11,41.8,0,3,24,Not Fraud
T04027,79.9,3,4,0,1,8.6,Not Fraud
T02672,8.7,10,2,1,0,32.8,Not Fraud
T03589,19.07,6,13.2,0,1,9.9,Not Fraud
T00199,16.18,17,1.5,0,5,18.2,Not Fraud
T01198,43.37,20,8.8,0,5,19.8,Not Fraud
T04878,19.58,18,2.5,0,2,14.2,Not Fraud
T03380,21.05,12,4.5,0,2,5.9,Not Fraud
T01948,68.01,21,44.7,0,2,28.5,Not Fraud
T03719,29.38,10,5.8,0,1,20.8,Not Fraud
T03318,74.25,20,3.5,0,2,11.5,Not Fraud
T01161,176.26,9,145,0,3,28.1,Not Fraud
T03292,95.17,13,22.2,0,3,12.3,Not Fraud
T02375,35.31,22,34.4,0,1,31,Not Fraud
T01552,14.29,16,8.5,0,3,17.2,Not Fraud
T00732,160.89,10,9.3,0,3,7.4,Not Fraud
T04963,20.05,16,10.2,0,4,44.4,Not Fraud
T02154,7.03,23,4.3,0,0,13.2,Not Fraud
T04499,12.92,15,17.9,0,5,63.7,Fraud
T03567,9.72,13,17.2,0,3,52.4,Not Fraud
T01106,62.74,13,11,0,2,11.4,Not Fraud
T02640,29.15,7,15.9,1,2,59.9,Fraud
T04185,32.21,9,6.5,0,3,12.7,Not Fraud
T01797,20.29,7,40.9,0,5,26.6,Fraud
T01936,66.24,23,1,0,2,9.1,Not Fraud
T04797,90.61,10,54,0,3,50.1,Not Fraud
T03951,69.7,4,17.4,0,5,34.4,Fraud
T00566,14.5,20,11.1,0,1,17.2,Not Fraud
T04795,83.46,11,22.5,0,4,6.5,Not Fraud
T03657,10.35,3,70.8,0,6,40.5,Not Fraud
T04642,22,6,11.4,0,2,17.9,Not Fraud
T04230,22.98,2,27.2,0,1,36.1,Not Fraud
T01053,29.83,1,0.9,1,4,61,Not Fraud
T03836,26.8,14,226.8,0,4,47.8,Fraud
T00821,111.42,16,103.1,0,2,9.4,Fraud
T01148,52.16,5,55.9,0,2,33.2,Fraud
T02507,5.63,1,2.3,0,2,27.2,Not Fraud
T01096,19.2,19,8.8,0,3,56.1,Fraud
T01412,36.69,22,2,0,3,13.8,Not Fraud
T01445,15.68,23,3.7,0,1,23.8,Not Fraud
T01540,142.38,13,7.5,0,3,16.5,Not Fraud
T00645,27.5,15,5.5,0,1,9,Not Fraud
T00632,86.06,22,11.4,0,3,66.2,Fraud
T04183,106.74,17,7.5,0,2,10.1,Not Fraud
T00644,10.92,12,19.9,1,2,22.5,Not Fraud
T00942,46.23,2,56.8,0,6,11.5,Not Fraud
T00329,236.05,18,223.8,0,5,23.5,Fraud
T00445,11.53,15,77.4,0,2,35.4,Fraud
T04492,31.64,15,11.9,0,3,16.5,Not Fraud
T04814,2.53,1,1.4,1,1,26.9,Not Fraud
T04403,28.11,21,11.1,0,2,21.1,Not Fraud
T02793,34.76,21,11.8,0,2,7.1,Not Fraud
T01864,18.18,23,10.4,0,4,16.9,Not Fraud
T04848,72.05,8,2.1,0,2,31.6,Not Fraud
T03639,9.52,17,2.2,0,2,26.2,Not Fraud
T02275,100.66,2,38.6,0,1,17.8,Not Fraud
T03580,52.56,11,8.6,1,0,29.8,Not Fraud
T04192,11.49,15,55.9,0,5,1.3,Not Fraud
T00229,186.91,8,53.4,1,0,28.4,Fraud
T01760,85.2,6,13.6,0,2,29.3,Fraud
T00475,166.37,18,8.9,0,1,37.6,Not Fraud
T00943,25.77,20,0.9,1,2,18.4,Not Fraud
T03304,5.76,17,3.7,0,4,31.2,Not Fraud
T01419,21.05,0,12.3,0,0,34.2,Not Fraud
T00422,5.23,8,9.5,0,2,40.9,Not Fraud
T04268,8.43,16,17.4,0,1,41,Not Fraud
T00044,39.77,5,9,0,3,26.4,Not Fraud
T03568,41.38,16,34.7,0,2,22.3,Not Fraud
T03571,75.8,17,1.9,0,2,52.9,Not Fraud
T04500,206.76,2,41.1,0,3,14.8,Not Fraud
T03863,59.83,10,12.1,0,2,7.7,Not Fraud
T02165,41.04,7,13.1,0,3,20.7,Not Fraud
T00710,72.13,5,24,0,8,2.1,Not Fraud
T04652,2.96,10,8.4,0,2,36.7,Not Fraud
T03215,63.63,20,35.6,0,1,27.1,Not Fraud
T04432,96.17,11,212.5,0,1,7.3,Fraud
T01280,12.37,2,3.4,0,2,20.6,Not Fraud
T00241,23.52,2,2.9,0,2,36.5,Not Fraud
T03780,102.19,8,18.4,0,3,36.1,Fraud
T01008,75.21,15,303.4,0,2,8,Fraud
T02632,24.21,5,1.3,1,2,10.3,Not Fraud
T03850,55.15,14,4.2,0,0,57.1,Not Fraud
T02146,107.9,14,11.4,0,0,4.8,Not Fraud
T01589,8.63,23,1.4,0,2,63,Fraud
T00208,253.18,22,3.6,0,2,29.3,Not Fraud
T03333,2.94,15,25.6,0,4,23.2,Not Fraud
T01376,7.52,5,57.6,0,2,42.2,Fraud
T00847,14.08,18,28.8,0,0,15.9,Not Fraud
T02695,23.38,3,27.8,0,1,40.9,Not Fraud
T02493,11.51,18,37.6,0,3,14.2,Not Fraud
T02980,111.12,2,6.8,0,2,11.1,Not Fraud
T02300,14.13,19,8,0,2,20.3,Not Fraud
T02370,1.94,2,9.6,1,3,32.5,Fraud
T04514,9.93,20,5.2,0,0,21.2,Not Fraud
T03554,54.09,4,26,0,3,17.2,Not Fraud
T01661,11.86,0,5.9,0,0,37.3,Not Fraud
T04153,9.9,9,18.9,0,2,5.7,Not Fraud
T02497,23.17,22,284.7,0,0,44.7,Fraud
T04897,48.72,20,2.5,0,2,30,Fraud
T01042,8.56,17,11.1,0,4,64.3,Not Fraud
T01900,462.58,12,5.4,0,3,12.3,Not Fraud
T00872,50.42,17,1.7,0,1,48,Not Fraud
T02998,20.81,10,18.3,0,1,20.5,Not Fraud
T03258,181.65,3,111.7,0,1,6,Not Fraud
T04924,46.37,8,2.2,0,1,24.4,Not Fraud
T01666,27.44,9,14.5,0,0,60.3,Not Fraud
T02568,283.06,20,14.7,0,3,61.9,Not Fraud
T01317,70.88,14,31.3,0,3,30.8,Not Fraud
T04641,418.35,11,29.8,0,7,12.5,Fraud
T00838,152.89,8,11.7,0,3,37.1,Not Fraud
T03512,10.16,4,0.6,0,1,42.2,Not Fraud
T00394,55.95,19,19.4,1,2,39.3,Not Fraud
T02336,16.39,9,4.7,0,2,24.1,Not Fraud
T01121,33.73,7,23.6,0,3,11.3,Not Fraud
T01497,98.53,2,7.6,0,1,13.4,Not Fraud
T01609,4.13,18,38.7,0,1,22.8,Not Fraud
T00228,21.66,5,4,0,2,8.7,Not Fraud
T01921,5.94,21,2,0,3,22.8,Not Fraud
T01635,26.14,5,1.1,0,3,33,Not Fraud
T04321,80.57,0,8.3,0,1,13.3,Not Fraud
T02285,34.25,0,3.6,0,2,29.9,Not Fraud
T02337,13.39,15,19.7,0,0,58.6,Not Fraud
T04421,21.17,10,13.2,0,3,24.8,Not Fraud
T02515,15.73,4,51.4,0,1,48.3,Not Fraud
T00466,103.94,7,32.7,0,0,16.3,Not Fraud
T00099,95.05,4,51.9,0,1,10.7,Not Fraud
T01533,107.83,9,0.1,0,1,22.5,Not Fraud
T00311,60.09,15,24.9,0,1,21,Not Fraud
T02723,40.65,7,11.4,0,2,26.6,Not Fraud
T02274,182.13,12,2.3,0,1,15.5,Not Fraud
T02175,80.96,2,7.6,0,3,73.4,Not Fraud
T04826,65.64,20,7.3,0,2,27.5,Not Fraud
T03881,66.05,9,16.9,0,3,50.9,Not Fraud
T04745,106.31,6,98.5,0,4,31.3,Not Fraud
T04101,85.64,2,13.9,0,0,45,Not Fraud
T03037,72.58,1,18.3,0,7,28.6,Not Fraud
T04635,95.06,19,6.8,0,2,6.3,Not Fraud
T03297,25.24,4,72.7,0,1,39.2,Not Fraud
T02829,25.42,21,89.1,0,2,31.2,Not Fraud
T03798,81.51,15,15.1,0,2,24.2,Not Fraud
T02937,81.1,18,4.7,0,2,9,Not Fraud
T04362,74.32,11,11,0,3,34.2,Not Fraud
T00384,60.35,9,7.7,0,3,59,Not Fraud
T03391,73.52,13,63.7,0,0,11.6,Not Fraud
T03222,238.32,17,5.5,0,0,25.8,Not Fraud
T04097,10.03,22,7.6,0,0,47.9,Not Fraud
T04384,14.11,8,26.8,1,1,39.5,Fraud
T02066,89.52,17,13.6,0,0,51.3,Not Fraud
T03029,31.07,19,19.9,0,2,7.9,Fraud
T01164,30.27,19,33.1,0,3,6.9,Not Fraud
T00550,67.07,13,3,0,1,19.2,Not Fraud
T02168,32.21,20,8.3,0,3,32.2,Not Fraud
T00686,15.66,7,16.8,0,3,42.5,Fraud
T00344,26.58,23,27.6,0,1,44.8,Not Fraud
T03839,50.34,12,2.5,0,3,12.8,Not Fraud
T00777,13.6,21,52.8,0,0,62.5,Not Fraud
T03239,143.94,11,3.5,0,0,47.8,Not Fraud
T01769,14.14,4,2,0,3,19.6,Not Fraud
T03939,32.46,3,94,0,3,19,Not Fraud
T02814,23.37,20,2.6,0,2,22.8,Not Fraud
T00810,25.37,14,12.1,0,4,39.7,Not Fraud
T04557,28.94,3,1.2,0,2,47,Fraud
T01714,14.75,15,4.1,0,3,16.7,Not Fraud
T03294,60.39,13,31.1,0,2,21.1,Not Fraud
T00841,19.64,0,22.7,0,4,19.1,Fraud
T04903,59.22,18,1,0,7,13.1,Not Fraud
T01658,10.41,0,130.3,1,1,3.1,Not Fraud
T01427,16.86,20,10.8,0,1,34.6,Not Fraud
T00312,28.95,2,35.6,0,2,58.6,Not Fraud
T04439,46.21,12,2.8,0,4,48.3,Not Fraud
T02014,60.04,19,16.6,1,3,20.2,Not Fraud
T03387,78.62,6,2.3,0,4,61.3,Fraud
T02897,80.49,8,0.7,1,3,23.2,Not Fraud
T04940,119.16,2,20.1,1,3,6.4,Fraud
T04223,87.24,8,3,0,2,16.2,Not Fraud
T02297,95.38,12,12.1,0,1,52.2,Not Fraud
T04478,38.05,9,4.5,0,3,17.5,Not Fraud
T00671,83.22,13,56.3,1,2,22.7,Not Fraud
T01286,9.28,12,518.1,0,1,35.2,Fraud
T04880,7.52,7,2.1,0,0,11.5,Not Fraud
T04311,14.16,17,1.3,0,2,6.4,Not Fraud
T01346,66.11,10,19.7,0,1,45.9,Not Fraud
T01527,92.73,6,37.3,0,1,11.6,Not Fraud
T01354,13.82,5,56.3,0,3,43.6,Not Fraud
T04794,93.7,6,1.6,0,2,69.2,Not Fraud
T03248,8.09,5,4.7,0,5,32.9,Not Fraud
T03091,53.06,5,5.8,0,5,21.5,Not Fraud
T03992,90.05,16,207.9,0,3,38.6,Not Fraud
T00559,45.09,14,52,1,4,40.2,Not Fraud
T03074,14.91,15,23.7,0,3,45.3,Not Fraud
T03708,17.11,23,5.4,0,1,34.6,Not Fraud
T04613,101.85,16,19.3,0,1,51,Not Fraud
T02615,43.87,17,3.2,0,0,42.3,Not Fraud
T00587,12.9,0,61.2,0,7,52.6,Fraud
T03084,9.36,2,21.1,0,2,8.2,Fraud
T01962,37.46,19,11.3,0,3,23.1,Not Fraud
T04200,31.75,4,42.9,0,2,36.1,Not Fraud
T03664,93.71,1,31.3,0,4,32.1,Not Fraud
T00976,18.08,8,102,0,0,7.8,Not Fraud
T02853,74.48,19,15.5,0,1,16.3,Not Fraud
T03930,207.03,21,329.8,0,3,26.2,Fraud
T00154,19.79,8,4.2,0,4,39.2,Not Fraud
T00652,51.73,8,59.6,0,5,30.7,Not Fraud
T03416,57.33,8,14.9,0,1,19.4,Not Fraud
T04364,19.69,17,4.1,0,0,31.6,Not Fraud
T04984,128.09,14,5.2,0,3,27.7,Not Fraud
T02726,68.96,14,58.6,0,4,37.8,Not Fraud
T03441,12.8,20,5,0,1,7,Not Fraud
T00080,27.77,21,75.9,0,0,32.7,Not Fraud
T01201,42.18,17,26.9,0,0,29.5,Not Fraud
T01930,4.36,5,3.6,0,3,65.6,Fraud
T01466,12.21,7,5.1,0,2,7.7,Not Fraud
T03714,6.49,9,6.9,0,2,20.8,Not Fraud
T01744,117.39,23,3.9,0,4,24,Not Fraud
T01706,57.34,12,0.7,1,3,25.9,Not Fraud
T00733,59.12,2,11.7,0,3,54,Not Fraud
T00138,38.86,17,8.8,0,2,12.5,Not Fraud
T02856,54.11,16,19,0,2,36.1,Not Fraud
T00282,5.83,7,23,0,3,54.4,Not Fraud
T02597,14.28,9,20.9,0,2,30.6,Not Fraud
T02373,13.95,20,92.3,0,2,28.7,Not Fraud
T04394,61.78,9,7.5,0,1,43,Not Fraud
T00106,72.48,5,26.7,0,5,29,Not Fraud
T01612,19.05,5,7.7,0,4,38.1,Not Fraud
T01970,49.66,16,5.9,0,1,39.5,Not Fraud
T01255,19.25,16,78,0,3,33.1,Not Fraud
T00017,11.1,13,11.2,0,0,11.1,Not Fraud
T01657,12.37,19,3.1,1,3,8.1,Fraud
T04091,46.9,18,22.2,0,3,12.3,Fraud
T01144,14.89,4,1.1,0,2,9.3,Not Fraud
T00168,57.33,17,1.7,0,3,26.8,Not Fraud
T02186,14.98,3,5.7,0,2,56.7,Not Fraud
T02037,49.26,16,2.9,0,0,13.3,Not Fraud
T01759,20.19,10,3.3,0,0,7.4,Not Fraud
T02900,26.37,18,32.2,1,0,37.8,Not Fraud
T02482,21.99,0,7.3,0,3,60.8,Fraud
T04871,28.67,1,37.7,0,3,51.8,Fraud
T01850,11.18,4,19.2,0,2,24.9,Not Fraud
T02579,129.71,12,4.4,0,0,64.7,Not Fraud
T04170,60.65,21,0.5,0,1,52.7,Not Fraud
T04126,39.57,2,16.8,0,6,52.8,Fraud
T04342,17.08,4,18.2,0,0,43.6,Not Fraud
T04392,24.44,22,23,0,4,42.4,Not Fraud
T03517,1.22,0,13,0,1,37.8,Not Fraud
T01896,60.13,17,8.4,0,1,27.2,Fraud
T04482,52.52,18,1.6,1,3,29.3,Fraud
T03025,19.69,14,122,0,2,55.6,Fraud
T01715,19.48,18,34.7,0,2,17.8,Not Fraud
T01100,151.95,14,1,0,4,23.1,Not Fraud
T04692,45.79,14,7.2,0,1,15,Not Fraud
T04226,55.17,13,91.2,0,2,35.2,Not Fraud
T04910,46.4,12,12,1,2,25.8,Not Fraud
T03726,20.63,7,9.4,0,1,37.5,Not Fraud
T00875,55.36,21,5.7,0,4,13.7,Not Fraud
T04415,22.73,0,72.2,0,7,23.7,Not Fraud
T03288,27.63,2,11,0,1,3.8,Not Fraud
T01839,106.38,13,252.9,0,3,15.8,Fraud
T00236,2.92,16,11.7,0,1,50.4,Not Fraud
T01869,46.59,19,17.5,0,2,35.5,Not Fraud
T01302,541.71,12,2.8,0,3,14.5,Not Fraud
T01910,86.95,17,44.6,1,2,22.3,Not Fraud
T00022,86.64,11,5.4,0,2,68.8,Not Fraud
T01498,21.61,22,10.2,0,2,22.7,Not Fraud
T00426,37.71,19,5.3,0,2,26.5,Not Fraud
T03692,3.28,20,48.2,0,1,3.2,Not Fraud
T03891,26.78,13,12,0,3,23.7,Not Fraud
T01236,192.19,9,2.4,0,3,49.4,Not Fraud
T03610,24.65,7,15.3,0,3,47.8,Fraud
T04515,126.54,19,16.5,0,2,4.8,Not Fraud
T01929,67.65,7,1.2,0,3,49.3,Not Fraud
T03298,17.86,14,1.3,0,2,16.5,Not Fraud
T01813,69.73,19,6,0,2,43.9,Not Fraud
T04049,54.72,2,4.5,0,4,46.4,Not Fraud
T01238,8,9,5.3,0,3,25.8,Not Fraud
T02797,6.83,1,78.1,1,2,25.3,Not Fraud
T02595,50.9,16,34.4,0,2,11.4,Not Fraud
T03394,19.58,2,22.5,0,0,19.4,Not Fraud
T01638,25.6,13,22.5,1,1,44.3,Not Fraud
T04313,72.67,0,40.5,0,4,6.7,Not Fraud
T04305,167.7,17,42.1,0,3,23.1,Not Fraud
T04419,36.37,16,4.1,0,2,50.3,Not Fraud
T03276,8.26,21,9.6,0,2,21.9,Not Fraud
T02476,32.82,7,6.6,0,2,72,Fraud
T02542,39.28,7,7.1,0,3,8.1,Not Fraud
T01450,91.57,21,16.1,0,0,12.4,Not Fraud
T02942,46.23,12,7.2,0,3,14.2,Not Fraud
T04824,25.98,10,8.9,0,6,34.2,Not Fraud
T02449,42.65,19,12.3,0,2,9.5,Not Fraud
T00060,207.76,1,4.9,0,1,38.4,Not Fraud
T01578,6.12,15,15.4,0,1,21.1,Not Fraud
T03113,104.83,19,0.4,0,1,19.5,Not Fraud
T00491,86.25,2,42,0,2,25.9,Not Fraud
T00519,26.36,3,22.2,0,0,16.7,Not Fraud
T03223,40.12,14,6.5,0,2,10.2,Not Fraud
T02342,39.52,8,4.4,0,3,37.1,Not Fraud
T02573,32.62,20,9.7,0,0,7.5,Not Fraud
T00522,33.61,9,0.2,0,0,26.2,Not Fraud
T01667,46.83,13,4,0,1,27,Not Fraud
T00641,26.16,7,130.4,0,1,38.7,Not Fraud
T01964,25.4,14,18,0,2,6.5,Not Fraud
T03814,7.77,0,1.1,0,1,24.7,Not Fraud
T03296,2.57,0,10.4,0,0,39.1,Not Fraud
T00220,19.44,17,39.7,0,2,9,Fraud
T04382,20.75,22,6,0,3,11.3,Not Fraud
T01098,50.61,16,41.1,0,0,22.5,Not Fraud
T00457,83.23,2,20.7,0,0,25.9,Not Fraud
T01524,164.92,2,4.1,0,3,32.6,Not Fraud
T00870,69.83,23,33.5,0,4,24.1,Not Fraud
T02038,31.19,12,38.5,0,2,6.8,Not Fraud
T02627,620.08,20,11.3,0,1,27.4,Not Fraud
T02578,61.45,22,17.5,0,2,23.4,Fraud
T03328,42.18,7,4.7,0,3,19.9,Not Fraud
T01235,55.16,1,2.2,0,3,34.7,Not Fraud
T03386,80.1,23,45.5,0,1,8.9,Not Fraud
T04355,15.6,15,9.4,0,0,37.5,Not Fraud
T02639,63.37,20,62.2,0,0,12.4,Not Fraud
T00318,8.81,3,48.5,0,0,15.9,Not Fraud
T02800,30.84,22,3.8,1,1,48,Not Fraud
T03611,57.08,20,12.2,0,3,53.4,Fraud
T01536,34.16,2,19.6,0,3,41.7,Fraud
T00397,10.47,9,4.2,0,1,46.9,Not Fraud
T03468,77.47,3,3.7,0,1,47.1,Not Fraud
T02712,28.67,2,17.6,1,6,14.1,Not Fraud
T00606,8.51,15,0.7,0,1,62.4,Not Fraud
T03628,97.59,12,32.9,0,1,52.5,Fraud
T04597,48.1,11,1.3,0,6,45.3,Not Fraud
T00901,112.19,20,7,0,0,38.1,Not Fraud
T04874,27.09,2,21,0,0,42.1,Not Fraud
T04534,11.41,15,3.4,0,0,50,Not Fraud
T00206,7.77,10,39,0,2,51.7,Fraud
T03115,72.49,20,6.1,0,1,38.8,Not Fraud
T00215,32.15,1,4.6,0,2,15.8,Not Fraud
T03000,205,6,51.5,0,1,48.1,Fraud
T00827,70.47,17,5.6,0,0,6.2,Fraud
T01132,114.24,5,5.3,0,3,33.4,Not Fraud
T03864,42.76,16,6.6,0,2,57.2,Not Fraud
T04941,19.22,20,24,0,4,37.6,Not Fraud
T04063,65.19,3,11.3,0,2,7.5,Not Fraud
T04720,6.54,15,28.2,0,2,31.9,Not Fraud
T00137,25.1,6,41.8,0,2,28.6,Not Fraud
T00071,68.06,6,46,0,2,31.2,Not Fraud
T03695,33.23,3,0.9,0,5,57.4,Not Fraud
T04379,133,17,17.6,0,3,15.9,Not Fraud
T03180,58.3,7,6,0,2,15.7,Not Fraud
T01893,94.47,22,32.5,0,1,11.2,Not Fraud
T00720,13.65,15,4.7,1,3,43.9,Fraud
T02784,16.74,0,29.4,0,1,25.3,Not Fraud
T02107,156.23,18,209.4,0,1,22.6,Fraud
T00352,886.07,8,4.7,1,3,18.9,Not Fraud
T02687,182.27,22,16.2,0,0,25,Not Fraud
T01475,9.99,8,6.5,0,2,15.5,Not Fraud
T02320,45.99,11,19.5,0,3,19.7,Not Fraud
T01287,28.25,10,8.3,0,1,22.9,Not Fraud
T03341,14.18,0,19.5,0,5,25.3,Not Fraud
T03694,45.88,0,29.8,0,2,20.9,Fraud
T01817,15.76,12,7.2,0,1,24.2,Not Fraud
T02717,156.46,7,2,1,1,27.6,Not Fraud
T02034,8.6,19,16.2,0,4,13.2,Not Fraud
T04405,99.63,20,8.4,1,3,16.1,Not Fraud
T00860,90.2,8,18.4,0,1,23.2,Not Fraud
T03353,9.54,6,33.7,0,5,42.2,Not Fraud
T03688,23.68,12,4.6,0,3,36.5,Not Fraud
T02661,15.25,1,5.1,0,5,22.1,Not Fraud
T03240,58.26,18,18.9,0,4,12.5,Not Fraud
T00205,76.66,10,18.1,0,4,9.2,Not Fraud
T03186,14.58,0,6.4,1,5,26.1,Fraud
T03104,22.25,8,54,0,0,21.5,Not Fraud
T01217,25.83,22,6.5,0,3,32.8,Not Fraud
T01672,34.11,14,2.7,0,0,24.8,Not Fraud
T02736,17.64,14,37,0,2,43.6,Not Fraud
T04306,117.34,6,9,0,0,19.4,Not Fraud
T01562,58.17,10,21.5,0,1,3,Not Fraud
T04650,2.58,4,591.3,1,4,48.7,Fraud
T04523,8.73,10,3,0,0,21.3,Not Fraud
T01440,17.36,6,9.3,0,3,15.3,Not Fraud
T01956,37.35,21,4.3,0,1,8.6,Not Fraud
T00723,19.98,20,3.9,0,1,23.8,Not Fraud
T01185,17.26,3,79.9,0,4,14.7,Not Fraud
T04840,59.8,11,1.1,0,2,9.7,Not Fraud
T04989,199.49,15,3.4,0,0,44.2,Not Fraud
T04303,29.72,20,10,0,1,21.8,Not Fraud
T04983,43.35,4,76.2,0,1,52.9,Fraud
T04728,72.96,7,33.2,0,0,18.8,Not Fraud
T02866,49.67,5,5.1,1,2,11.7,Not Fraud
T00675,125.66,9,10.2,0,2,17.2,Not Fraud
T03089,3.79,9,9.2,0,1,14.7,Not Fraud
T01547,10.63,23,1.1,0,2,68.3,Not Fraud
T00088,2.52,22,3.5,0,2,31.7,Not Fraud
T00294,40.54,6,5.9,0,2,30.6,Not Fraud
T02904,51.14,12,3.1,0,4,27.3,Not Fraud
T01228,48.82,17,1.4,0,3,49.7,Not Fraud
T00748,51.67,19,3.3,0,1,21.6,Not Fraud
T02834,64.4,0,8.2,0,0,26.1,Not Fraud
T03750,122.89,7,6.8,0,1,3,Not Fraud
T00647,128.73,19,1.3,0,1,16.3,Not Fraud
T02744,33.41,23,7.9,0,1,13,Not Fraud
T02546,2.4,14,192.5,0,2,79.8,Fraud
T02187,28.76,6,21.3,0,4,16.8,Not Fraud
T01314,95.24,8,1.4,0,4,78.7,Not Fraud
T02306,29.39,6,10.2,0,3,26.2,Not Fraud
T03661,128.62,18,17.1,0,4,15.3,Not Fraud
T01847,24.86,19,82.2,1,4,28.1,Not Fraud
T02279,11.71,13,2.6,0,4,41.1,Fraud
T03198,20.41,0,35.8,0,4,25.1,Not Fraud
T02525,19.07,16,10.6,0,2,21.4,Not Fraud
T01347,70.8,3,28,0,2,21.4,Not Fraud
T04839,24.76,2,110.6,0,2,24.3,Fraud
T00866,3.67,17,0.9,0,3,48.3,Not Fraud
T03127,10.51,9,14.8,0,1,38.2,Not Fraud
T04498,27.3,8,0.7,1,4,33.3,Not Fraud
T02512,11.37,9,20.4,1,0,14.3,Not Fraud
T00754,97.63,16,2.2,0,2,20.2,Not Fraud
T02174,21.99,4,2.4,0,3,34.9,Not Fraud
T04582,52.29,1,31.4,1,2,34.6,Fraud
T04319,223.63,14,164.2,0,1,4.7,Not Fraud
T02335,47.85,5,132.4,0,1,12.6,Fraud
T04350,27.26,18,4.3,0,1,29.7,Not Fraud
T01452,45.99,17,11.7,0,3,14,Not Fraud
T02680,58.03,17,11.9,0,2,4.1,Not Fraud
T01569,63.29,0,34.9,0,0,15.9,Fraud
T03884,12.17,18,1.3,0,1,38.9,Not Fraud
T03978,26.6,23,9.2,1,2,59.1,Fraud
T00050,34.97,12,24.8,0,0,39.7,Not Fraud
T00026,175.43,6,1.9,1,1,27.9,Not Fraud
T00184,49.08,2,12.9,1,2,11.7,Not Fraud
T01509,53.7,18,4.7,0,4,18.8,Not Fraud
T02590,70.41,18,2.1,1,2,15.3,Fraud
T02963,24.66,0,31.9,0,1,25.3,Not Fraud
T00662,37.37,23,5.3,0,5,40.7,Not Fraud
T03889,21.44,8,2.3,0,1,39.8,Not Fraud
T01594,79.2,17,29.2,0,0,51.8,Not Fraud
T01581,65.77,15,16.9,0,0,15.1,Fraud
T00078,126.06,5,6.1,1,0,28.4,Not Fraud
T01831,88.14,22,12.1,0,5,25.4,Not Fraud
T04064,28.15,8,0.5,0,3,56.1,Not Fraud
T02574,6.97,5,0.9,0,2,29.6,Not Fraud
T04895,16.8,17,8.6,0,7,31.3,Not Fraud
T01966,16.34,18,11.5,0,2,29,Not Fraud
T04932,69.95,22,8.1,0,1,39,Not Fraud
T03466,54.22,18,49.1,0,2,6.1,Not Fraud
T04777,46.46,2,12.5,0,1,17.2,Not Fraud
T02561,24.65,3,17.2,0,3,30.3,Not Fraud
T04023,126.01,18,3.3,0,4,22.3,Not Fraud
T00245,54.05,13,9.6,0,2,30.7,Not Fraud
T00765,414.51,12,3.9,1,2,22.2,Not Fraud
T01951,5.63,23,80,0,1,7.8,Not Fraud
T04976,12.55,1,2.9,0,0,27.2,Not Fraud
T04537,12.41,21,10.5,0,3,7.2,Not Fraud
T00882,6.76,11,2.3,0,2,22.7,Not Fraud
T03218,75.8,13,31.8,0,5,28.2,Not Fraud
T00931,247.86,18,2.5,0,3,55.8,Not Fraud
T01125,12.35,21,6.8,0,4,15.2,Not Fraud
T02087,79,19,78.3,0,4,29.5,Not Fraud
T04265,92.87,15,90.8,0,3,12,Fraud
T02477,16.33,4,3.1,0,3,55.1,Not Fraud
T03588,12.37,17,39.9,0,2,65.2,Not Fraud
T02986,250.95,23,16,0,2,15.1,Not Fraud
T01801,25.5,3,2.7,0,1,12.5,Not Fraud
T02480,21.46,0,20.7,0,3,20,Not Fraud
T04861,68.28,23,2.8,0,0,22.6,Not Fraud
T02245,14.83,0,0.8,0,2,11.8,Not Fraud
T00762,12.19,3,0.7,0,3,51.1,Not Fraud
T04036,29.61,13,0.7,0,1,6.3,Not Fraud
T01949,29.24,21,12.2,0,1,19.8,Not Fraud
T00429,18.56,10,15.8,0,4,20.2,Not Fraud
T00061,23.7,9,31.2,0,4,47.3,Fraud
T01631,71.73,12,6.4,0,1,4.8,Not Fraud
T04936,45.78,15,3.9,0,3,30,Not Fraud
T01283,168.01,12,18.4,0,3,6.5,Not Fraud
T04660,160.21,12,12.8,0,3,45.7,Fraud
T03742,82.6,9,17.1,0,1,32.6,Not Fraud
T03345,2.93,8,4.7,0,1,6,Not Fraud
T03666,37.73,21,3.5,0,0,29.4,Not Fraud
T02143,134.73,1,13.9,0,3,50,Not Fraud
T02344,14.09,20,471.5,0,1,34.5,Fraud
T02106,62.49,9,65.8,0,0,14,Not Fraud
T00038,16.06,21,8.1,0,2,26.7,Not Fraud
T04269,55.91,11,2.5,0,0,16,Not Fraud
T01360,22.1,11,231.4,0,1,18.1,Not Fraud
T00439,35.82,0,25.2,0,1,26.7,Not Fraud
T01939,247.22,3,21.1,0,5,27.1,Fraud
T00454,98.66,14,255.4,0,1,28.7,Not Fraud
T00793,9.23,18,58.2,0,1,21.4,Not Fraud
T02704,47.52,4,33.1,0,1,52.1,Not Fraud
T02721,32.99,2,5.3,1,0,13.7,Not Fraud
T03475,161.88,1,3.8,0,1,59.1,Not Fraud
T02951,24.94,9,1.2,0,2,8.5,Not Fraud
T00367,33.1,10,15,0,2,10.8,Not Fraud
T04950,117.33,15,2.3,0,2,33.4,Not Fraud
T01946,151.55,18,20.7,0,3,59.1,Not Fraud
T01298,14.2,6,23.3,0,0,36.7,Not Fraud
T03801,209.77,7,11.8,0,2,14.1,Not Fraud
T04014,7.77,5,296.2,0,1,43.8,Fraud
T00898,18.41,10,4,0,3,15.6,Not Fraud
T01179,7.12,8,18,0,4,11.4,Not Fraud
T02436,10.13,20,0.9,0,3,34.6,Not Fraud
T03846,36.79,10,10.3,0,2,3.5,Not Fraud
T03551,18.32,10,20.6,0,1,27.6,Not Fraud
T00386,11.55,19,13.8,0,4,69.1,Not Fraud
T00319,37.88,20,19.6,0,2,16,Not Fraud
T04638,10.99,0,5.6,0,4,20.3,Not Fraud
T03882,7.69,18,23.7,0,1,30.1,Not Fraud
T04032,11.96,20,1.7,0,2,28.1,Not Fraud
T00210,158.43,18,1.4,0,3,36.9,Not Fraud
T03350,53.17,0,14.4,0,2,56.6,Not Fraud
T01755,22.96,14,0.3,0,1,53.6,Not Fraud
T01781,26.83,11,1.6,0,1,10.2,Not Fraud
T00230,13.11,6,4.3,0,1,32.5,Not Fraud
T03499,9.27,10,20.6,0,2,83.5,Not Fraud
T00551,26.63,8,54.6,0,1,15.2,Not Fraud
T00657,44.51,5,3.1,0,3,17.6,Not Fraud
T02929,3.82,6,2.9,0,5,10.3,Not Fraud
T03233,20.17,8,4,0,0,7.7,Not Fraud
T00549,172.73,18,3.2,0,1,32.5,Not Fraud
T02936,17.63,6,12.3,0,3,58.6,Not Fraud
T02371,159.73,18,8.6,1,0,5.8,Fraud
T02538,7.81,2,20.8,0,6,28.3,Not Fraud
T02408,10.59,22,1,0,3,30.3,Fraud
T00502,34.07,6,6.1,0,2,37.1,Fraud
T04386,23.88,19,12.8,0,0,32.6,Fraud
T01091,10.93,12,10.4,0,1,21.6,Not Fraud
T01299,36.47,10,4.6,0,1,33.8,Not Fraud
T02823,14.89,10,2.7,0,1,21.3,Not Fraud
T03803,5.01,22,13.6,0,1,31.8,Not Fraud
T00890,85.32,9,2.9,0,0,43.3,Not Fraud
T04228,56.94,18,3.8,0,4,40.3,Not Fraud
T02995,101.55,8,8.7,0,2,3.5,Not Fraud
T03194,153.43,9,55,0,4,51,Not Fraud
T00212,20.79,19,1.7,0,1,20,Not Fraud
T04260,23.81,13,4.8,0,3,23.4,Not Fraud
T00242,6.11,19,3.7,0,2,21.4,Not Fraud
T01162,16.67,16,8.4,0,0,19,Not Fraud
T01484,18.26,8,8.1,0,0,54.3,Not Fraud
T01561,30.77,19,5.3,0,1,8,Not Fraud
T04477,39.34,8,63.4,0,2,39.1,Not Fraud
T00556,17.49,18,1.8,0,1,9.7,Not Fraud
T03576,86.44,20,9,0,0,44.9,Not Fraud
T03463,20.26,8,3.8,0,4,23.7,Not Fraud
T02915,197.62,9,107.4,0,2,29.8,Not Fraud
T04758,6.6,16,0.3,0,1,22.9,Not Fraud
T02769,52.71,1,3.3,0,0,28.1,Not Fraud
T00389,410.08,18,8.7,1,2,25.6,Not Fraud
T02203,5.73,23,2.7,0,5,20.4,Not Fraud
T04648,9.14,11,1.9,1,1,31.7,Not Fraud
T03609,15.66,12,17.8,0,4,9.4,Not Fraud
T03983,23.27,6,46.2,0,1,38.3,Not Fraud
T01271,81.55,18,4,0,4,22.9,Not Fraud
T03335,12.27,8,5.2,1,2,21.9,Fraud
T00611,26.29,6,10.1,0,0,12.7,Not Fraud
T00545,40.96,10,13.8,0,4,24.3,Fraud
T04634,24.64,13,0.9,1,1,27,Not Fraud
T03137,317.8,12,11,0,4,33.5,Fraud
T04906,637.73,23,4.9,0,5,19.4,Not Fraud
T02129,17.64,18,44.3,0,2,10.7,Not Fraud
T01511,40.54,12,37.7,0,2,28.6,Not Fraud
T04694,21.06,20,1.4,1,2,42.9,Fraud
T01539,31.5,7,6.5,0,1,25.9,Not Fraud
T03392,34.08,4,5.1,0,3,11.9,Not Fraud
T03143,8.14,16,5.2,0,5,61.6,Fraud
T03980,73.09,2,2.1,0,0,12,Not Fraud
T00858,238.14,19,17.5,0,3,33.9,Not Fraud
T02628,30.52,4,41.6,0,3,2.2,Not Fraud
T02689,31.94,21,43.8,0,2,12.8,Not Fraud
T04581,13.21,8,27,0,3,13.2,Not Fraud
T00213,46.93,15,7.8,0,1,34.8,Not Fraud
T03154,155.02,13,26,0,1,8.4,Not Fraud
T02485,24.31,23,46,0,0,25.6,Fraud
T03429,40.87,18,36.6,0,1,36.6,Not Fraud
T01618,11.12,21,18.6,0,3,42.6,Not Fraud
T00107,97.04,13,20.1,0,4,24.8,Not Fraud
T04085,34.89,1,42.2,0,4,33.1,Fraud
T01804,32.5,20,24.8,0,5,32.6,Not Fraud
T03160,59.86,2,26.5,0,1,15.7,Not Fraud
T02227,44.99,14,0.2,0,4,26.8,Not Fraud
T00482,110.76,4,71.7,0,1,15.9,Not Fraud
T02953,36.88,11,68.7,0,0,15.1,Not Fraud
T01990,25.59,4,27.3,0,2,10.9,Not Fraud
T02902,5,7,11.2,0,0,40.4,Not Fraud
T00743,11.44,23,19,0,1,33.5,Not Fraud
T03633,163.01,23,4,0,1,45.4,Not Fraud
T04088,35.36,20,24.6,0,3,59.5,Not Fraud
T04458,17.89,16,2.2,0,1,32.9,Not Fraud
T02077,144.4,6,38.5,0,1,2.9,Not Fraud
T02094,63.41,20,1.8,0,6,14.8,Not Fraud
T04025,9.3,23,24.1,1,2,46.7,Fraud
T01357,17.84,4,21.7,0,1,16.7,Not Fraud
T03102,6.84,0,16.7,0,1,20.7,Not Fraud
T02453,32.11,5,3.9,0,4,17.5,Not Fraud
T03800,53.6,1,5.7,1,2,29.5,Not Fraud
T02926,96.01,15,0.5,0,4,64.7,Not Fraud
T00462,10.14,13,25.6,0,2,78,Not Fraud
T00328,28.83,22,5.7,0,4,19.9,Fraud
T02888,16.85,20,3.2,0,3,24.5,Not Fraud
T01420,228.25,5,8.1,0,3,49.6,Not Fraud
T02771,4.33,17,11.4,0,2,26.5,Not Fraud
T01316,11.97,6,24.6,0,3,18.7,Not Fraud
T01025,109.3,18,4.2,0,2,8.1,Not Fraud
T02972,135.52,19,0.9,0,0,6.4,Not Fraud
T02167,8.09,17,58.9,0,2,15.7,Not Fraud
T00143,156.87,9,15.5,0,1,49.5,Not Fraud
T04923,179.45,21,31.7,0,2,62,Not Fraud
T00752,27.36,18,20.3,0,4,45.2,Not Fraud
T03717,12.66,7,1.5,0,2,10.6,Not Fraud
T03868,19.61,21,3.5,0,2,25.3,Not Fraud
T03473,26.02,16,1.9,0,3,65.1,Not Fraud
T01099,46.54,8,14.6,0,4,26.9,Fraud
T01673,42.94,5,1,0,2,39.9,Not Fraud
T02588,33.1,14,387.8,0,1,44.4,Fraud
T04451,5.94,0,49.1,0,2,42,Not Fraud
T01743,86.79,5,2.1,0,3,22.6,Not Fraud
T01653,26.57,23,18.8,0,3,20.3,Not Fraud
T03573,29.69,9,0.6,0,4,34.2,Not Fraud
T03072,142.79,13,66,1,1,45.4,Fraud
T03597,2.5,3,23.7,0,4,29.9,Not Fraud
T04726,54,5,43.2,0,1,10.3,Not Fraud
T02544,66.32,12,27.8,0,4,50.3,Not Fraud
T03710,43.01,10,3.2,0,0,29,Not Fraud
T01932,39.06,2,11.1,0,2,17.8,Not Fraud
T04263,2.46,21,5.6,0,3,27.4,Not Fraud
T04948,6.48,0,3.9,0,2,5.6,Not Fraud
T03108,21.46,3,23.7,0,2,29.7,Not Fraud
T01867,41.17,4,2.1,0,3,5.5,Not Fraud
T04518,30.11,10,6,0,5,34.8,Fraud
T03287,114.71,10,7.6,0,3,26.8,Not Fraud
T03036,11.05,12,90.4,0,2,7.2,Not Fraud
T04708,6.77,18,2.5,0,2,24.2,Not Fraud
T02645,123.96,13,6.3,0,1,37.2,Fraud
T00178,156.21,18,1.2,0,2,62,Not Fraud
T03786,59.64,19,0.9,0,4,37.7,Not Fraud
T03537,68.5,14,16.7,0,2,36.8,Not Fraud
T00887,100.13,22,124.5,0,2,19.9,Not Fraud
T02892,32.92,20,4.6,0,2,38.6,Not Fraud
T04022,109.15,10,12.7,0,3,26.9,Not Fraud
T00790,193.33,6,327.2,0,0,5.9,Fraud
T01253,23.19,19,1.5,0,2,38.2,Not Fraud
T04187,21.57,0,9.1,0,0,67.9,Not Fraud
T00135,12.36,8,18.9,0,1,35.9,Not Fraud
T01363,254.94,21,7.1,0,0,36.4,Not Fraud
T01066,112.69,14,0.5,0,4,19.1,Not Fraud
T02327,126.05,18,1.3,0,4,13.3,Not Fraud
T04145,35.21,15,8.7,0,2,34.4,Not Fraud
T01833,62.55,12,43.9,0,1,31,Not Fraud
T03941,30.18,14,3.7,0,1,10.5,Not Fraud
T01858,334.67,15,10.8,0,1,31.4,Not Fraud
T03277,44.01,21,4.7,0,4,38.7,Not Fraud
T00214,106.4,5,52.7,0,2,14.4,Fraud
T01605,26.18,14,30.4,0,2,31.1,Not Fraud
T03313,275.59,3,66.7,0,0,15.9,Fraud
T03910,49.55,9,2.6,0,3,24.1,Not Fraud
T02772,50.54,15,9.2,0,3,3.1,Not Fraud
T00582,112.97,19,41.7,1,0,44.3,Not Fraud
T04030,123.64,2,13.7,0,1,11.1,Not Fraud
T01662,24.9,12,12.4,0,1,13.1,Not Fraud
T01884,23.99,8,9.1,0,2,22.8,Not Fraud
T00407,21.1,6,20.7,0,2,57.4,Fraud
T04864,36.5,12,15.1,0,5,36.8,Fraud
T01310,9.21,5,18,0,2,48,Not Fraud
T04459,71.24,2,40,0,3,28,Fraud
T04683,8,6,1.3,0,1,33.2,Not Fraud
T02997,12.63,16,7.3,0,3,47.4,Not Fraud
T01829,86.99,5,11.2,0,2,24.9,Not Fraud
T02263,295.75,4,8.9,0,1,39.7,Fraud
T03822,132.97,1,11.3,1,2,21.4,Fraud
T03061,8.2,10,60.7,0,3,57.5,Not Fraud
T04487,59.28,11,0.8,0,2,47,Not Fraud
T02933,150.94,5,5.3,0,4,16.9,Not Fraud
T00547,21.15,1,87.9,0,3,68.6,Not Fraud
T00437,19.94,13,34.5,0,2,7.9,Not Fraud
T02015,28.66,9,2,0,0,42.7,Not Fraud
T04741,78.39,18,2.2,0,4,5.1,Not Fraud
T01334,166.51,2,34.1,0,0,19.3,Not Fraud
T03582,45.19,21,9.3,0,2,16.1,Not Fraud
T01590,62.74,2,6.8,0,1,3.1,Not Fraud
T02763,318.9,2,38.2,0,2,28.5,Not Fraud
T03006,114.56,10,0.5,0,1,8.3,Not Fraud
T03866,329.38,20,9.7,0,4,33.3,Fraud
T00293,42.09,11,1.2,0,1,14.9,Not Fraud
T02787,8.22,14,29.8,0,1,14.7,Not Fraud
T02400,34.84,18,2.8,0,4,13.5,Not Fraud
T01514,8.68,21,19.8,0,0,33.4,Fraud
T01270,30.8,10,0.8,0,0,16.3,Not Fraud
T04857,30.54,16,16.1,0,1,10.4,Not Fraud
T02756,112.9,21,2.6,0,2,12,Not Fraud
T02767,22.14,11,87.3,0,1,41,Not Fraud
T04808,528.22,17,366.1,0,2,41.9,Fraud
T00706,28.87,12,222.6,0,2,1.5,Not Fraud
T00955,70.55,3,6,0,3,12.3,Not Fraud
T00007,6.48,4,10.1,0,5,40.5,Not Fraud
T03293,26.56,11,3,0,1,18.5,Not Fraud
T04147,167.68,19,21.9,0,8,19.2,Not Fraud
T04231,81.87,0,0.7,0,1,37.6,Not Fraud
T04690,48.1,13,2.6,0,1,53.7,Fraud
T04570,18.96,13,187.9,0,3,14.8,Not Fraud
T02532,29.11,20,26.3,0,2,19.5,Not Fraud
T01933,17.47,1,1.9,1,0,27.3,Not Fraud
T02752,27.74,16,103.1,0,3,14,Not Fraud
T04057,8.77,2,2,0,2,48.2,Fraud
T03418,26.63,14,32.7,1,0,30.5,Not Fraud
T02374,42.75,1,35.6,0,0,50.6,Not Fraud
T01143,224.89,11,2.5,0,2,13.5,Not Fraud
T01086,15.54,22,3.6,0,4,28.6,Not Fraud
T02099,62.28,2,1.2,0,2,19.2,Not Fraud
T01387,38.11,9,23.8,0,3,45.2,Not Fraud
T04704,54.13,14,53.1,0,3,9.9,Not Fraud
T04609,69.47,12,4.5,1,3,39.2,Not Fraud
T01318,241.3,6,30.6,0,2,14,Not Fraud
T03716,28.37,6,15,0,3,26.5,Not Fraud
T02308,21.47,8,0.7,0,2,30.5,Not Fraud
T04888,11.92,2,42.5,0,2,4.8,Not Fraud
T03706,90.1,3,72.2,0,0,43.3,Fraud
T02215,84.93,3,1.1,0,2,49.7,Not Fraud
T03871,79.05,17,4.9,0,3,41.2,Not Fraud
T01297,3.93,20,2,0,0,44.5,Not Fraud
T00655,55.87,13,38.5,0,1,24.8,Not Fraud
T02098,45.66,11,12.4,0,1,13.5,Not Fraud
T04420,50.6,15,46.7,0,4,24.1,Not Fraud
T01263,48.2,20,5.9,0,2,25.2,Not Fraud
T03256,23.52,19,36,0,0,27.5,Not Fraud
T00994,4.51,22,34.9,0,1,47.5,Not Fraud
T02487,60.57,13,2.3,0,3,2.7,Not Fraud
T03630,7.65,8,22.6,0,5,20.8,Not Fraud
T02384,21.59,1,11,1,1,55,Not Fraud
T04444,24.92,8,12.4,0,2,45.5,Not Fraud
T04368,23.22,11,5.7,0,3,29.6,Not Fraud
T01954,8.9,5,1.4,0,1,55.4,Fraud
T01935,204.4,20,36.7,0,2,46.9,Not Fraud
T04250,6.06,16,74.2,1,2,22.4,Not Fraud
T03998,10.6,0,149,0,1,49,Not Fraud
T02911,44.45,18,24.1,0,2,56.3,Not Fraud
T01192,10.48,18,16.2,0,1,34.8,Not Fraud
T01889,26.04,19,17,0,3,44.2,Not Fraud
T04577,49.44,1,21.7,0,4,36.1,Not Fraud
T03578,8.28,19,3.5,0,2,18,Not Fraud
T01557,154.57,16,2.2,0,5,18.3,Not Fraud
T01084,56.97,6,8.1,0,2,43.9,Not Fraud
T01006,49.14,17,21.9,0,3,22.5,Not Fraud
T00676,13.94,18,7.1,1,3,52.9,Fraud
T00012,143.49,10,335.2,0,3,60.7,Fraud
T01865,96.07,23,15.3,0,5,27.3,Fraud
T03829,22.88,11,7.7,0,1,4.7,Not Fraud
T04004,47.59,8,16,0,1,21.9,Not Fraud
T00516,52.68,15,45.1,0,1,35.6,Not Fraud
T03270,60.79,15,7.1,0,0,23.6,Not Fraud
T04835,9.45,11,20.6,0,4,49.4,Not Fraud
T03699,74.6,19,14.7,0,1,16.6,Not Fraud
T00133,116.71,22,4.8,0,3,8.2,Not Fraud
T04206,275,17,4.2,0,2,35.5,Not Fraud
T04943,72.49,19,3.9,0,5,76.5,Fraud
T00104,77.55,10,55.7,0,1,11.7,Fraud
T00226,2.43,21,7.2,0,2,45.4,Not Fraud
T02907,37.36,21,4.8,0,2,31.5,Not Fraud
T02135,51.72,1,3.5,0,3,31.7,Fraud
T00356,6.01,14,34.5,0,6,46.5,Fraud
T01061,28.32,11,12.8,1,1,10,Not Fraud
T00698,132.49,23,7.4,0,3,34.3,Not Fraud
T00275,29.08,0,12.8,0,0,76.6,Not Fraud
T04336,64.5,2,16.7,0,2,66.7,Fraud
T03501,15.98,1,12.7,0,2,22.6,Fraud
T02159,100.37,22,16.3,0,2,28.2,Not Fraud
T01378,10.44,5,4.7,0,2,20.3,Not Fraud
T03693,248.4,13,1.1,0,0,40.7,Not Fraud
T00747,54.85,0,4.8,0,3,44.1,Not Fraud
T02150,74.87,11,160.7,0,4,34.3,Not Fraud
T00379,5.28,18,3.6,0,2,58.8,Fraud
T00857,19.74,11,2.8,0,3,17.4,Not Fraud
T00741,360.47,23,0.6,0,1,7.7,Not Fraud
T02185,61.34,7,0.5,0,1,26.5,Not Fraud
T02190,31.92,7,1.1,1,3,34.4,Not Fraud
T04308,76.5,11,6.2,0,2,39.7,Fraud
T00278,11.57,23,4.5,0,3,44.7,Fraud
T02747,22.53,13,125.6,0,3,22.4,Not Fraud
T01183,10.4,8,4.5,0,3,37.9,Not Fraud
T03448,76.16,18,15.2,0,4,7.3,Not Fraud
T02076,64.91,4,7.5,0,3,31.5,Not Fraud
T03542,408.86,20,10.8,0,2,10.1,Not Fraud
T00350,16.23,1,0.8,0,5,38.6,Not Fraud
T03112,37.75,15,11.4,0,2,55.7,Not Fraud
T01800,33.98,11,6.2,0,7,24.8,Fraud
T00363,50.53,5,20,0,1,34.2,Fraud
T02877,81.84,17,21.2,1,3,24.6,Fraud
T04495,29.62,13,4.8,0,2,18.5,Fraud
T01069,8.67,7,3.2,1,1,11.7,Not Fraud
T01872,118.62,0,0.9,0,3,48.7,Not Fraud
T03401,19.22,1,21.2,0,2,70,Fraud
T04700,114.44,12,3.3,0,1,7.7,Not Fraud
T03093,27.87,11,6.3,0,2,17.3,Fraud
T00433,53.19,11,5.4,0,0,17.2,Not Fraud
T02896,107.87,1,1,0,2,35.2,Not Fraud
T02724,11.78,14,13,0,4,52.5,Not Fraud
T03961,270.85,16,14.6,0,4,17.7,Not Fraud
T03865,35.4,1,27,0,0,14.5,Not Fraud
T00523,658.8,4,26.9,0,1,51.1,Not Fraud
T04982,20.06,11,7.1,0,1,35,Not Fraud
T00597,336.97,20,25.3,0,2,29.9,Not Fraud
T00851,19.85,4,39.6,0,4,30.5,Not Fraud
T01688,10.79,2,26.2,0,4,13.4,Not Fraud
T02970,5.82,7,8.1,0,0,21.9,Not Fraud
T03002,23.52,2,4.9,1,4,24.1,Fraud
T01049,25.98,18,20.1,0,0,9.9,Not Fraud
T03330,83.32,9,36.3,0,3,25.5,Not Fraud
T02562,4.86,19,2.3,0,3,51.9,Not Fraud
T03344,7.12,15,12.8,0,2,25.8,Not Fraud
T03942,180.05,13,2.4,0,0,59.1,Not Fraud
T00965,34.14,23,1.3,1,4,47.4,Not Fraud
T01555,38.41,6,5.1,0,2,21.6,Not Fraud
T01421,152.73,21,236.5,0,0,32.3,Fraud
T01268,38.08,18,4.8,0,3,5.9,Not Fraud
T03903,12.31,14,30.6,0,2,29.7,Not Fraud
T02194,25.03,1,3.7,0,3,43.8,Not Fraud
T00618,260.08,12,2.1,0,3,53.2,Not Fraud
T00970,90.91,3,38.5,0,3,15.5,Not Fraud
T03201,35.39,5,5.5,1,2,20.9,Not Fraud
T00985,12.73,18,4.1,0,2,29.3,Not Fraud
T02644,22.37,12,35.1,0,1,35.1,Not Fraud
T02559,41.81,6,15.7,0,3,40.9,Not Fraud
T03172,46.17,21,21.4,0,3,23.4,Not Fraud
T01401,375.36,23,16.4,0,0,16.5,Fraud
T00712,4.59,16,7.9,0,3,26.8,Not Fraud
T04251,110.09,21,8.1,0,2,47.8,Not Fraud
T01636,32.07,12,10.5,1,7,59.7,Not Fraud
T03026,87.54,3,7.2,0,3,13.9,Not Fraud
T03015,26.93,17,8,0,2,31.4,Not Fraud
T03076,96.28,20,4.3,0,2,40.4,Not Fraud
T02773,35.13,19,118.3,0,2,2.7,Not Fraud
T00231,51.41,17,13.5,0,1,22.6,Not Fraud
T00966,11.72,13,31.3,0,1,40.8,Not Fraud
T03273,266.39,15,1.6,0,1,45.1,Not Fraud
T01174,30.92,16,6.6,0,0,5.2,Not Fraud
T02819,16.26,21,184.2,0,2,33,Fraud
T03246,12.49,20,59.5,0,2,9.8,Not Fraud
T04701,219.22,9,12,0,2,13.6,Not Fraud
T02519,91.05,16,8.7,0,2,22.7,Not Fraud
T01926,7.92,3,5.7,0,2,70,Fraud
T01385,137.24,10,19,0,1,20.7,Not Fraud
T02333,2.44,7,6.5,0,3,32.1,Not Fraud
T01454,14.63,3,9.7,0,3,23,Not Fraud
T02901,29.75,21,6.3,0,3,25.4,Not Fraud
T02137,134.84,11,5.4,0,0,10.4,Not Fraud
T00850,26.12,10,14.4,0,5,6.8,Not Fraud
T02226,104.21,1,116.4,0,2,10.8,Not Fraud
T03459,10.79,14,34.2,0,3,24.1,Not Fraud
T04039,19.06,13,13.3,0,1,27.9,Not Fraud
T04220,9.47,22,3.3,0,4,40.6,Not Fraud
T03308,18.9,13,13.3,0,1,10.4,Not Fraud
T02096,167.14,9,39.5,0,1,30,Not Fraud
T04447,29.33,11,15.9,0,1,32,Not Fraud
T04889,89.77,7,23.6,0,2,43.5,Not Fraud
T00238,23.24,23,3.6,0,1,33.6,Not Fraud
T01218,19.46,4,76.3,0,2,35.7,Not Fraud
T03214,13.53,7,0.6,0,5,35.2,Not Fraud
T01293,43.63,10,7.8,0,2,32.1,Not Fraud
T03197,39.69,11,7.9,0,1,9.4,Not Fraud
T02585,17.76,13,1.8,0,4,21.4,Not Fraud
T04721,24.39,21,44.6,0,1,19.6,Not Fraud
T02369,19.75,14,2.7,0,1,38.2,Not Fraud
T03954,26.25,3,11.2,0,2,8.1,Not Fraud
T01142,74.17,6,6,1,6,21.7,Not Fraud
T01343,22.34,5,92.1,0,2,13,Fraud
T03789,80.28,22,12.1,0,2,24.9,Not Fraud
T02239,34.74,15,12.7,0,1,30.3,Not Fraud
T01516,98.91,9,1.9,0,3,4,Not Fraud
T04136,10.64,13,2.2,0,1,49.6,Not Fraud
T00416,78.23,21,16.3,0,3,8.2,Not Fraud
T04079,4.75,9,51.1,0,5,16.6,Fraud
T02155,51.45,2,14.8,0,3,53.4,Not Fraud
T03024,18.39,1,23.6,0,2,54.2,Not Fraud
T02450,167.01,12,9.4,0,2,29.2,Not Fraud
T03352,18.85,5,1.8,0,1,21.2,Fraud
T00617,98.19,20,55.8,0,5,38.8,Fraud
T00768,54.68,21,1.2,0,6,35.7,Fraud
T01780,85.3,10,26.4,0,7,8.4,Not Fraud
T04124,45.96,6,4.6,0,1,31.4,Not Fraud
T01821,125.18,23,7.6,0,5,17.8,Not Fraud
T04159,95.89,19,4.9,1,4,3.9,Not Fraud
T00867,45.6,5,1.7,0,1,47.6,Not Fraud
T04742,79.95,17,3,0,3,21.8,Not Fraud
T00233,24.65,7,89.3,0,0,28.3,Not Fraud
T03438,45.22,8,5.8,0,0,11.6,Not Fraud
T01468,106.91,2,5.2,1,4,31.4,Fraud
T01214,833.22,7,68.5,0,2,7,Not Fraud
T00713,24.28,1,23.5,0,4,17.2,Not Fraud
T04448,172.7,19,20.2,0,2,28.3,Not Fraud
T00883,16.58,23,6.5,0,3,6.9,Not Fraud
T04186,15.21,13,29.1,0,3,11.1,Not Fraud
T03241,65.27,17,8.7,0,2,11.4,Not Fraud
T00136,53.26,0,17,0,4,22.3,Not Fraud
T01465,7.94,10,656.6,0,5,19.5,Fraud
T00742,7.4,4,42.5,0,2,18.1,Not Fraud
T02745,24.13,15,28.1,0,0,34.4,Not Fraud
T01333,60.76,17,0.7,0,0,14.4,Not Fraud
T00553,199.24,17,5.6,0,1,34.6,Not Fraud
T04098,68.5,4,7.3,0,3,10.5,Not Fraud
T01470,19.49,8,171.3,0,2,15.3,Not Fraud
T04828,165.28,17,20.9,0,2,65.1,Fraud
T01717,40.29,21,14.7,0,2,9.7,Not Fraud
T04734,8.52,11,10.3,0,1,41.3,Not Fraud
T02116,109.22,11,12.4,0,3,17.4,Not Fraud
T00056,11.37,6,1.3,0,2,40.2,Not Fraud
T04010,39.49,13,2.1,0,4,25.6,Not Fraud
T03028,50.34,1,25.2,0,2,50.1,Fraud
T00316,10.29,7,4,0,1,37.4,Not Fraud
T04804,60.77,16,5.6,0,1,19,Not Fraud
T02164,74.7,13,24.5,0,0,13.5,Not Fraud
T02652,16.96,15,8,0,3,7.6,Not Fraud
T00726,2.5,14,184.2,0,2,50.9,Fraud
T02379,5.04,13,6.1,1,4,31.2,Not Fraud
T04366,33.1,5,11.9,1,1,40.5,Not Fraud
T01417,8.52,12,191.3,0,4,54.5,Fraud
T04882,34.12,1,3.6,0,1,49.5,Fraud
T01914,158.11,23,1.9,0,2,9.6,Not Fraud
T02404,17.42,8,11.5,0,0,14.3,Not Fraud
T01140,69.59,4,10.3,0,3,7,Not Fraud
T01289,58.2,15,14.6,0,2,15.4,Not Fraud
T01663,12.52,0,13.4,0,1,17.8,Not Fraud
T01044,130.81,13,42.6,0,3,11.4,Not Fraud
T03944,405.19,6,5.2,0,0,25.2,Not Fraud
T01538,5.77,12,6.2,0,1,23.7,Not Fraud
T04750,102.89,5,36.8,0,1,40.2,Not Fraud
T03874,55.72,0,0.7,0,1,50.9,Not Fraud
T02426,56.15,1,187.8,0,3,36.8,Fraud
T01944,26.2,2,17.6,0,4,9.3,Fraud
T04925,44.02,5,73.9,0,3,21.9,Not Fraud
T00607,39.71,20,0.3,0,0,21.7,Not Fraud
T03922,50.86,20,6,0,2,18.7,Not Fraud
T03157,175.19,19,3.4,0,2,40.3,Not Fraud
T02381,37.79,18,26.3,0,0,27.5,Fraud
T03484,67.12,11,111.3,0,1,25.8,Not Fraud
T01087,7.64,14,4,1,2,31.1,Not Fraud
T00417,54.67,5,102,0,0,15.9,Not Fraud
T04222,81.09,10,2.8,0,1,41,Fraud
T01182,43.23,7,1.8,0,3,33.1,Not Fraud
T03979,140.87,23,61.1,0,1,27.4,Fraud
T04636,17.76,14,103.3,0,4,51.2,Not Fraud
T04670,112.84,18,9,0,3,25.2,Not Fraud
T02863,47.19,13,1.4,0,1,28.8,Not Fraud
T01542,15.2,12,13.6,0,0,43.3,Not Fraud
T04860,17.88,9,5.8,0,0,38.4,Not Fraud
T04456,58.03,0,85.1,0,1,29.5,Not Fraud
T00177,71.34,3,9.3,0,4,43.3,Not Fraud
T00372,7.96,9,34.6,0,1,11.8,Not Fraud
T04538,11.05,18,3.3,0,3,13.7,Not Fraud
T03677,23.87,1,38.5,0,2,25.2,Not Fraud
T04800,73.16,11,2,0,2,53.7,Fraud
T04604,23.43,19,7.2,0,4,14.7,Not Fraud
T02173,267.6,8,9.8,1,1,27.8,Not Fraud
T02657,108.61,20,11.7,0,5,13.5,Not Fraud
T04397,27.48,16,5.6,0,2,29.4,Not Fraud
T03892,19.96,3,4,0,5,3,Not Fraud
T02822,51.16,11,10.6,0,6,34.7,Fraud
T01945,13.4,7,3.4,0,2,54.6,Not Fraud
T03103,8.47,20,16.6,0,3,20.5,Not Fraud
T03243,49.37,12,1.7,0,1,27.7,Not Fraud
T03817,39.76,12,264.4,0,2,33.8,Fraud
T04616,27.9,20,10,0,3,18.1,Not Fraud
T04021,18.09,4,0.9,0,2,45.4,Not Fraud
T01469,51.14,5,45.3,0,2,36.2,Fraud
T00063,16.81,14,17.8,0,6,39.7,Not Fraud
T00173,34.38,0,1.3,0,2,24.4,Not Fraud
T02233,29.21,1,2.4,1,0,42.3,Not Fraud
T00936,124.46,18,32.2,1,4,40.6,Fraud
T01499,45.55,1,2.9,0,3,42.1,Not Fraud
T01637,28.4,3,9.1,0,3,37.1,Not Fraud
T02985,32.02,8,3.3,0,1,39.8,Not Fraud
T02669,128.22,11,10.3,0,1,28,Not Fraud
T00815,11.18,16,86.9,0,2,29.2,Fraud
T00623,16.78,10,3,0,0,67.6,Fraud
T04928,200.58,14,42.4,0,1,7.3,Not Fraud
T00122,132.28,13,8.9,0,4,24.7,Fraud
T02952,116.17,23,27.2,1,1,20.2,Not Fraud
T03827,11.52,0,3.3,1,4,28.1,Not Fraud
T00019,142.64,8,0.8,0,0,25,Not Fraud
T03947,6.28,10,45.6,0,3,16.7,Not Fraud
T04038,87.37,9,57.9,0,3,33.4,Fraud
T02131,23.2,21,20.4,0,3,51.3,Not Fraud
T01449,29.7,11,4,0,1,31.7,Not Fraud
T02078,13.04,19,4.4,0,1,67,Not Fraud
T03310,47.59,4,0.9,0,2,40.1,Not Fraud
T01866,88.82,5,2,0,1,17.9,Not Fraud
T02909,17.26,2,6.3,0,1,46.4,Not Fraud
T03764,165.33,14,0.7,0,2,52.5,Not Fraud
T00915,52.43,23,28.3,0,1,16.2,Not Fraud
T03382,8.12,0,3,1,2,31.4,Not Fraud
T01110,19.68,20,6.5,0,3,0.5,Not Fraud
T03987,71.28,6,7.4,0,2,31,Not Fraud
T04664,37.77,9,3.5,0,1,20.8,Not Fraud
T00631,34.18,14,7.3,0,1,20.5,Not Fraud
T04912,104.99,18,26.6,0,2,39.9,Not Fraud
T01723,94.55,20,32.8,0,0,12.1,Not Fraud
T02886,19.56,13,13.8,0,2,22.8,Not Fraud
T01543,60.19,0,12.5,0,1,26.8,Not Fraud
T03598,33.68,23,19.8,0,3,36.8,Fraud
T00498,20.94,9,3.1,0,0,11.3,Not Fraud
T02264,42.02,20,39.4,0,0,25.1,Not Fraud
T03155,21.03,0,2.2,0,2,30.7,Not Fraud
T02843,108.64,22,11.2,1,1,37.2,Not Fraud
T04527,20.38,2,2.8,0,1,25.1,Not Fraud
T01530,28.64,11,5.9,0,4,25.8,Not Fraud
T01199,246.46,4,0.6,0,2,18.5,Not Fraud
T04009,80.81,21,6.5,0,1,4.6,Not Fraud
T02563,13.98,9,62.7,0,2,7.4,Not Fraud
T02742,9.12,21,30.8,0,3,28,Not Fraud
T02813,12.97,8,32.7,0,3,48.1,Not Fraud
T01294,30.07,13,128.5,0,1,11.5,Not Fraud
T02265,24.31,11,45,0,1,28.8,Not Fraud
T03337,48.99,14,91.6,0,4,19.8,Not Fraud
T03482,94.5,8,3.1,0,1,8.9,Not Fraud
T03480,159.26,17,18.2,0,5,53.2,Not Fraud
T02735,230.73,4,5.9,0,1,22.4,Not Fraud
T02044,8.38,9,0.7,0,3,12.4,Not Fraud
T02196,15.34,17,7.5,0,2,37.1,Fraud
T01319,79.28,17,1.5,0,2,7.3,Not Fraud
T04801,6.12,13,51.2,1,2,13.6,Not Fraud
T02301,65.82,5,9.1,0,2,10.4,Not Fraud
T02047,26.06,17,18.1,0,3,26.1,Not Fraud
T03008,25.44,8,3.3,0,2,47.4,Not Fraud
T00070,45.26,14,45,0,2,37.2,Fraud
T01046,551.96,15,25.1,0,3,43.1,Fraud
T04149,32.32,23,34.9,0,5,22.7,Fraud
T01506,136.55,11,73.2,0,1,30.4,Not Fraud
T04118,20.2,11,3.8,1,3,19.8,Not Fraud
T02115,16.11,14,13.5,1,1,18.7,Not Fraud
T03497,21.94,14,4.6,0,5,41.9,Not Fraud
T04535,10.33,4,2.5,0,2,2.3,Not Fraud
T00554,12.51,2,26.9,1,1,28.5,Not Fraud
T02730,29.69,4,37.7,0,2,22.5,Not Fraud
T00252,37.32,7,8.5,0,2,24.3,Not Fraud
T02943,7.25,17,63.3,0,4,52.8,Not Fraud
T01565,83.77,16,16.8,0,2,14,Not Fraud
T02184,21.16,19,101.5,0,1,21,Fraud
T02666,28.33,17,15.5,0,2,13.4,Not Fraud
T01505,130.13,12,18.4,0,1,24.5,Not Fraud
T00254,16.74,1,19.5,0,2,63.5,Fraud
T03291,14.59,15,23,0,1,30.7,Not Fraud
T00948,34.7,0,15.7,0,0,45.7,Not Fraud
T01947,2.94,21,0.3,1,0,40.5,Not Fraud
T01950,21.86,17,17.2,0,0,18.3,Not Fraud
T03001,260.83,10,33.5,1,4,49.7,Fraud
T04351,267.42,10,55.7,0,0,22.3,Not Fraud
T00393,11.75,4,52.6,0,0,46.5,Not Fraud
T00127,42.5,19,0.1,1,3,4.5,Not Fraud
T02867,120.28,19,23.3,0,0,15.3,Not Fraud
T00807,37.71,23,17.9,0,3,11.1,Not Fraud
T00703,32.41,2,0.4,0,3,30.5,Not Fraud
T02332,3.87,13,33.7,0,2,20.2,Not Fraud
T01194,52.31,21,32.6,0,3,46.5,Not Fraud
T00902,5.44,15,3.5,1,3,8.4,Not Fraud
T00761,18.54,20,5.7,0,1,15.7,Not Fraud
T03306,57.95,3,30,0,3,34.5,Not Fraud
T02796,78.22,17,6.1,1,2,40.9,Not Fraud
T03251,42.61,12,4.4,1,5,37.9,Fraud
T01583,12.9,3,1.3,0,2,54.8,Not Fraud
T03964,46.15,14,1.3,0,2,28.1,Not Fraud
T02439,23.08,0,6.2,0,1,23.7,Not Fraud
T03033,160.35,20,0.5,0,1,21.2,Not Fraud
T00889,10.53,6,7.4,0,2,6,Not Fraud
T02446,6.44,15,29.6,0,0,15.5,Not Fraud
T04624,82.69,22,45.8,0,3,28.8,Not Fraud
T03472,119.78,2,5.7,0,3,38,Not Fraud
T02789,50.13,23,1.2,0,3,47.1,Fraud
T04373,11.03,15,9.6,0,1,44,Not Fraud
T04953,13.33,12,2.3,0,0,29.3,Not Fraud
T04201,26.49,6,10.2,0,2,8,Not Fraud
T01168,181.49,4,3.9,0,1,34.7,Not Fraud
T01716,16.35,13,13.8,0,1,45.9,Not Fraud
T02854,21.38,20,102.8,0,3,13.4,Not Fraud
T00512,216.24,16,10.7,0,5,31,Not Fraud
T01340,61.15,7,1.2,0,2,53,Not Fraud
T03319,14.1,8,2.1,0,3,53.3,Fraud
T01628,38.17,16,94,0,1,6.5,Not Fraud
T03513,69.42,15,97.5,0,2,17.5,Not Fraud
T01752,117.06,10,4,0,2,10.4,Not Fraud
T00974,63.49,10,2.3,0,4,26,Not Fraud
T02674,36.37,13,13,0,2,19.9,Not Fraud
T01957,32.16,8,2.8,0,1,21.2,Not Fraud
T00919,206.49,20,2.6,0,0,40,Not Fraud
T04422,16.57,8,12.2,0,5,61.7,Not Fraud
T03173,632.89,15,6.5,1,4,19.7,Fraud
T00536,8.67,5,21.9,0,1,19.9,Not Fraud
T03165,18.64,14,6.5,0,1,17.4,Not Fraud
T01372,74.61,20,22.6,0,1,23,Not Fraud
T01261,206.15,2,7.9,0,4,24.3,Not Fraud
T01740,24.94,10,16.3,0,2,1,Not Fraud
T03825,79.7,23,16.8,1,1,20.7,Fraud
T04719,11.74,12,79.4,0,2,43.6,Not Fraud
T04922,10.98,2,2.9,0,1,4.5,Not Fraud
T02616,73.18,4,27,0,2,48.1,Not Fraud
T04997,6.72,7,1.8,0,2,13.2,Not Fraud
T03596,99.1,12,25.1,0,5,41.7,Fraud
T00146,8.16,21,15.6,0,1,21.3,Not Fraud
T03485,23.43,18,27.6,0,2,8.7,Not Fraud
T02083,44.87,3,34.7,0,7,49.9,Not Fraud
T03997,24.42,11,1.2,0,4,52.2,Not Fraud
T00116,20.67,3,32.8,0,6,12,Not Fraud
T01748,62.02,22,26.3,0,3,53.4,Fraud
T00520,44.85,23,6.7,0,3,44.7,Not Fraud
T02246,33.97,18,125.1,0,0,31.8,Not Fraud
T00013,10.52,14,17.4,0,2,33.8,Not Fraud
T03261,28.12,5,23.2,0,4,13.4,Not Fraud
T01969,25.13,11,77.5,0,3,13.1,Not Fraud
T03805,14.74,11,24.7,0,1,29.5,Fraud
T00333,6.31,6,6.5,0,1,42.1,Not Fraud
T01072,139.83,10,15.7,0,3,13.9,Not Fraud
T03134,47.01,4,3.9,0,1,31.4,Not Fraud
T00456,21.07,5,95.5,0,7,2.6,Fraud
T00474,59.49,10,18.1,0,1,8.8,Not Fraud
T00053,81.63,0,2.9,0,3,8.4,Not Fraud
T02102,11.85,18,3.2,0,3,30.3,Not Fraud
T03559,15.13,18,19.4,0,1,17.8,Not Fraud
T02266,19.14,8,25.8,0,1,62.4,Not Fraud
T03737,21.96,17,32.7,0,2,43.6,Not Fraud
T00480,14.95,19,4,0,4,36.7,Not Fraud
T03178,26.32,14,5.8,0,1,49,Fraud
T02775,85.86,14,35.6,0,3,34.1,Fraud
T01350,28.98,8,2.9,0,1,14.8,Not Fraud
T03295,12.88,5,71.7,1,1,36.8,Not Fraud
T04898,63.81,21,16.2,0,1,50.2,Not Fraud
T04083,14.03,17,10.1,0,1,37.9,Not Fraud
T00077,23,13,5,0,3,51.1,Fraud
T01678,11.3,2,34.7,0,3,48.5,Fraud
T04104,36.9,6,5.5,0,1,60.4,Not Fraud
T04541,18.43,13,67.4,0,1,28.2,Not Fraud
T03488,98.1,19,20.3,0,4,72.4,Fraud
T03126,24.47,22,4.8,0,4,25.1,Not Fraud
T01021,11.3,22,69.5,0,1,26.9,Not Fraud
T03282,72.37,21,58.5,0,0,22.1,Not Fraud
T03845,96.49,19,43.3,0,1,43.2,Not Fraud
T02377,19.77,13,0.8,0,2,13.8,Not Fraud
T00967,13.93,21,10.8,0,1,33.9,Not Fraud
T04868,55,11,29.3,0,0,22.7,Not Fraud
T04946,25.2,1,2.3,0,1,30.9,Not Fraud
T04958,11.94,13,22,0,5,58,Fraud
T03599,14.03,1,25.6,1,6,12.7,Not Fraud
T00634,26.31,20,2.1,0,2,35.6,Not Fraud
T00096,77.15,12,68,0,2,40.4,Not Fraud
T04409,66,13,3,0,3,44.5,Not Fraud
T01241,19.69,11,11.5,0,5,53.7,Fraud
T01773,90.25,23,2.9,0,2,73.1,Fraud
T02693,104.5,18,29.9,0,1,0.5,Not Fraud
T03439,14.05,4,25.1,0,0,50.1,Not Fraud
T04446,19.19,23,15.8,0,3,26.6,Not Fraud
T02100,47.04,14,1.6,0,2,15.4,Not Fraud
T00533,20.05,15,17,0,0,37.1,Not Fraud
T01455,110.84,6,15,0,2,11.3,Not Fraud
T04952,7.39,14,88.3,0,2,38.6,Not Fraud
T00840,56.29,6,10.5,0,3,10,Not Fraud
T03302,54.39,4,3.9,1,1,10.1,Not Fraud
T03656,90.54,8,22.8,0,2,16.3,Not Fraud
T02324,36.42,1,3.1,0,2,29.7,Not Fraud
T00209,175.47,19,24,0,2,8.5,Not Fraud
T04870,18.09,23,6.2,1,0,23.3,Not Fraud
T02513,19.8,12,13.7,0,1,40,Fraud
T04931,7.75,1,15.9,0,1,11.8,Not Fraud
T02063,16.06,23,3.5,0,3,59.9,Not Fraud
T01692,24.88,15,36.9,0,1,18.2,Not Fraud
T04184,10.79,4,5,0,4,16.5,Fraud
T02664,68.06,18,19.3,1,4,27.6,Fraud
T03073,5.93,0,8.6,0,3,74.3,Not Fraud
T04659,48.39,16,0.3,0,2,16.3,Not Fraud
T00477,37.7,9,1.1,0,4,34.1,Not Fraud
T04994,165.83,3,2.7,0,4,24.4,Not Fraud
T00082,66.08,21,13.8,0,3,28.6,Not Fraud
T01782,108.97,19,3.2,0,1,49,Not Fraud
T04564,163.26,21,3.5,0,3,23.8,Not Fraud
T04765,19.08,23,43.6,0,0,34.5,Not Fraud
T00420,121.18,11,1,0,0,11.4,Not Fraud
T03098,69.5,12,8.1,1,2,18.6,Not Fraud
T00711,90.37,3,15.2,0,2,32.5,Not Fraud
T00376,32.74,10,34.3,0,3,13.3,Not Fraud
T04645,58.07,17,5.8,0,2,20.6,Not Fraud
T04881,84.82,4,4.4,0,3,19.6,Not Fraud
T02828,6.92,6,16.1,0,0,15.5,Fraud
T04084,130.57,20,13.9,0,0,19.5,Not Fraud
T00784,23.38,16,7.9,0,3,39.7,Not Fraud
T00692,51.04,3,5.4,0,7,8.5,Fraud
T03325,2.87,4,5.4,0,0,50.6,Not Fraud
T04740,2.39,1,14.4,0,5,36.5,Fraud
T04973,5.96,19,3.4,0,4,32,Not Fraud
T00668,72.71,7,0.4,0,3,20.7,Not Fraud
T00183,48.16,11,51.9,0,3,26.6,Fraud
T03830,31.34,2,7.3,0,2,42,Not Fraud
T00589,11.39,22,8,0,1,64.4,Not Fraud
T03032,20.6,23,14,0,1,7.6,Not Fraud
T03756,162.69,10,3.2,0,1,33.6,Not Fraud
T02503,12.89,9,8,0,2,31.7,Not Fraud
T03364,72.32,1,17,0,1,33.7,Not Fraud
T02906,13.39,21,37.7,0,5,42.6,Not Fraud
T02393,12.59,10,9.2,0,2,47.9,Not Fraud
T04716,150.41,10,8,0,1,46.7,Not Fraud
T00081,33.34,15,0.4,0,2,40.7,Not Fraud
T02748,13.68,11,21.7,0,1,24.1,Fraud
T00489,10.97,13,2.4,1,1,27.2,Not Fraud
T04560,5.39,18,11.5,0,4,13,Not Fraud
T04000,90.43,8,5.1,1,0,40.5,Not Fraud
T00024,21.44,9,103.2,1,3,26.3,Not Fraud
T04410,9.17,0,6.9,0,2,30.7,Not Fraud
T00921,62.56,16,6.4,0,4,32.1,Not Fraud
T00141,40.87,9,3.1,0,2,8.3,Not Fraud
T01907,35.95,9,76.9,0,3,38.3,Not Fraud
T02988,5.93,0,22.3,0,0,7.2,Not Fraud
T04503,23.61,5,13.5,0,5,10.4,Not Fraud
T04176,68.19,9,15.7,0,4,44.2,Not Fraud
T00683,20.69,21,7.1,1,0,31.9,Not Fraud
T00535,77.64,1,19.9,0,4,17.8,Not Fraud
T02249,21.65,4,104.3,0,1,35.1,Not Fraud
T00643,55.23,21,3,0,3,29.6,Not Fraud
T03960,405.29,3,2.5,0,2,58.7,Not Fraud
T03787,17.76,21,16.5,1,3,37,Not Fraud
T00321,29.11,2,4.7,1,1,24.9,Not Fraud
T04862,55.45,23,6.2,0,3,20.9,Fraud
T00307,67.47,9,133.3,0,1,19.8,Fraud
T01204,21.1,1,39,0,5,16.6,Not Fraud
T01702,12.65,15,3.4,0,1,50.2,Not Fraud
T01045,11.18,21,3.8,0,1,43.8,Not Fraud
T03616,95.56,12,3.5,0,2,17,Not Fraud
T04760,5.92,15,7,0,1,43.2,Not Fraud
T03525,32.73,17,6.1,0,1,10.4,Not Fraud
T03647,33.29,9,5,0,2,25.5,Not Fraud
T02084,51.15,0,5.3,0,0,35.7,Not Fraud
T02885,55.86,10,4.1,1,2,11.8,Not Fraud
T03268,85.25,1,0.8,0,4,25.7,Not Fraud
T03046,23.31,12,34,0,4,42.6,Fraud
T03705,10.73,14,44.7,0,2,11.8,Not Fraud
T01489,10.31,9,2.3,1,1,41.1,Not Fraud
T03174,274.53,3,7.6,0,4,44.9,Not Fraud
T00619,876.14,22,15.8,0,3,10.5,Not Fraud
T00042,64.69,11,88.4,0,7,31.5,Fraud
T02948,18.69,14,3.2,0,0,31.3,Not Fraud
T01180,52.33,17,28.7,0,3,38.5,Not Fraud
T02407,53.44,2,20.6,0,2,47.7,Not Fraud
T01291,35.48,20,8.6,0,2,7.2,Not Fraud
T04786,114.34,4,15.2,0,5,30.5,Not Fraud
T04445,20.46,8,16.3,0,1,3.2,Not Fraud
T00510,99.3,12,105.2,0,2,39.8,Fraud
T03071,22.13,20,40.4,0,2,18.4,Not Fraud
T00126,25.32,15,38.5,0,1,12.4,Not Fraud
T03146,174.17,1,58.9,0,2,47.2,Not Fraud
T00572,5.46,20,4.4,1,1,17.3,Not Fraud
T00357,10.29,1,18.1,0,3,64.5,Fraud
T00716,2.12,12,0.5,0,4,28,Not Fraud
T03005,332.45,13,36.6,0,1,17.3,Not Fraud
T04302,18.62,14,19,0,3,1.2,Not Fraud
T03326,47.59,11,33.6,0,1,14.6,Not Fraud
T03908,34.93,20,42,0,3,28.4,Fraud
T03252,32.82,10,39,0,4,44.2,Not Fraud
T00917,17.25,8,247.6,0,4,55.4,Fraud
T02363,7.38,8,24,0,3,9.6,Not Fraud
T01878,60.8,17,15.7,0,4,54.7,Fraud
T04707,2.19,5,59.3,0,3,25,Not Fraud
T03095,69.48,19,15.5,0,5,60,Not Fraud
T03767,57.36,13,10.9,0,5,26.5,Not Fraud
T02836,6.93,12,57.5,0,4,58.1,Not Fraud
T03765,135.1,15,0.9,0,2,21.6,Not Fraud
T03650,40.54,20,28.7,0,1,59.8,Not Fraud
T02144,48.55,17,0.1,0,1,18.5,Not Fraud
T00392,49.86,7,6.9,0,2,28.2,Not Fraud
T02651,74.07,6,0.2,0,1,22.8,Not Fraud
T01668,1.38,10,26.4,0,4,30.4,Not Fraud
T00347,11.19,21,18.7,1,4,13.3,Not Fraud
T02182,37.02,20,43.4,0,4,45.1,Fraud
T01409,42.36,4,6.6,0,5,23.2,Not Fraud
T00486,30.98,10,3.8,0,3,10.1,Not Fraud
T00952,27.53,9,0.6,0,3,42.3,Not Fraud
T02348,18.86,12,20.2,0,1,8.9,Not Fraud
T03553,154.22,4,6.3,0,1,31,Not Fraud
T02361,85.06,20,5.9,1,1,23.2,Not Fraud
T03637,29.12,22,1.5,0,3,9.3,Not Fraud
T04552,9.28,15,8,0,1,25.5,Not Fraud
T04046,33.04,22,18.1,1,2,17.5,Not Fraud
T03604,73.96,22,2.3,0,2,32.8,Not Fraud
T04876,171.71,1,13.8,0,2,28.6,Not Fraud
T04654,78.51,15,20.6,0,0,31.7,Fraud
T01033,62.43,11,15.8,0,0,16.6,Not Fraud
T02570,247.21,16,38.2,0,0,4.8,Not Fraud
T02821,20.04,19,6.7,0,1,5.5,Not Fraud
T03094,32.01,5,9.1,0,0,18.5,Not Fraud
T04798,22.86,19,5.3,0,2,16.7,Not Fraud
T04718,79.5,23,31.2,0,3,19.3,Not Fraud
T00094,91.28,13,13,0,1,41.4,Not Fraud
T04930,15.19,3,14.8,0,2,31.9,Not Fraud
T04087,32.35,11,142.7,0,1,71.1,Fraud
T03949,29.08,1,4.9,0,2,40.3,Not Fraud
T02328,13.53,1,10.6,0,3,32.4,Not Fraud
T02543,28.06,19,73.9,0,1,22,Not Fraud
T01232,46.53,21,0.4,1,4,66.8,Fraud
T03963,34.33,23,15.4,0,6,5.1,Not Fraud
T02701,10.09,9,9.9,0,6,32,Fraud
T00548,130.66,5,16.3,1,3,31.6,Not Fraud
T02406,18.36,13,16,0,4,28.3,Fraud
T02790,54.45,5,42.5,0,2,44.9,Not Fraud
T03968,219.75,3,1.8,0,1,25.2,Not Fraud
T04744,48.52,17,102.2,0,3,24.7,Not Fraud
T01882,89.18,13,42.5,0,0,5.6,Not Fraud
T02673,84.95,14,2.7,1,2,53.3,Not Fraud
T00981,52.18,2,19.3,0,0,19.1,Not Fraud
T01776,21.03,23,6.2,0,4,49.9,Not Fraud
T01037,21.05,14,32,1,3,38.7,Not Fraud
T03331,40.81,20,39.1,0,4,53.2,Fraud
T00091,177.24,13,12.7,0,3,27.4,Not Fraud
T04244,38.8,9,28.4,0,3,32,Not Fraud
T00424,51.25,23,10.7,0,4,40.7,Not Fraud
T00320,15.76,17,3.4,0,2,19.7,Not Fraud
T02878,35.24,12,1.8,0,4,43.5,Fraud
T02163,44.48,10,6.5,1,1,32.3,Fraud
T01426,6.73,6,20.3,0,1,46.6,Not Fraud
T04496,15.25,23,5,0,2,65.7,Not Fraud
T03506,8.95,18,9.1,0,0,7.5,Not Fraud
T02605,14.65,10,7.5,0,0,56.2,Not Fraud
T02307,87.58,4,148.6,0,2,14.3,Not Fraud
T02737,14.27,15,4.8,0,2,46.6,Not Fraud
T02479,49.21,22,0.7,0,4,80.1,Fraud
T03802,123.36,19,48.8,0,0,23.6,Not Fraud
T00478,118.53,15,88.2,0,4,30.6,Not Fraud
T04892,46.67,6,56.7,0,0,31.5,Not Fraud
T04834,10.05,18,10.5,0,1,24.3,Not Fraud
T02465,24.94,9,7.5,0,2,69.1,Not Fraud
T00317,69.62,1,13.1,0,3,63.9,Not Fraud
T02908,72.92,12,6.4,0,2,13.2,Not Fraud
T04759,14.78,23,23.9,0,6,14.8,Not Fraud
T01992,9.17,23,16.6,0,2,15.3,Not Fraud
T04281,126.98,0,1.6,0,4,8.5,Not Fraud
T01770,15.35,8,21.1,0,3,71,Fraud
T04524,73.31,15,15.3,0,0,47,Not Fraud
T04663,223.35,2,38.2,0,4,38.4,Not Fraud
T04139,47.99,7,16.8,0,4,40.6,Not Fraud
T03849,37.15,2,10.7,0,1,21.2,Not Fraud
T04256,497.94,21,0.6,0,2,62.6,Not Fraud
T03541,18.84,3,1.2,0,2,44.3,Not Fraud
T02259,40.75,18,2.5,0,3,11.6,Not Fraud
T03471,15.32,12,77.3,0,3,18.6,Not Fraud
T04209,54.74,22,5.3,0,3,34.8,Fraud
T04370,23.72,14,19.3,0,2,46.2,Not Fraud
T03075,29.6,20,69.1,0,1,53.7,Not Fraud
T03669,82.79,18,5.9,0,0,42.3,Not Fraud
T02973,16.83,9,1.3,1,3,42.7,Not Fraud
T03973,19.59,9,26.6,0,4,60.4,Not Fraud
T03556,69.62,15,3.3,0,11,24.7,Fraud
T04513,30.03,0,7.6,0,2,16,Not Fraud
T04812,30.55,22,54.7,0,3,38,Not Fraud
T01173,80.43,11,10.5,0,1,33.4,Fraud
T04894,35.31,6,48.9,0,1,33,Not Fraud
T03653,24.74,12,10.7,0,1,21.3,Not Fraud
T00390,9.54,13,4.3,0,4,26.7,Not Fraud
T04408,17.94,6,5.1,0,6,40.5,Not Fraud
T01965,52.38,12,0.9,0,2,5.3,Not Fraud
T03606,73.61,16,37.4,0,1,12.8,Fraud
T03458,22.53,19,4,0,1,25.3,Not Fraud
T02103,76.79,23,3.2,0,2,6.3,Not Fraud
T03579,1.11,6,36.3,0,4,18.5,Not Fraud
T02403,59.94,20,2.9,1,1,18.2,Not Fraud
T01224,72.85,13,44.8,0,4,30.6,Not Fraud
T00419,61.46,13,3.1,0,2,75.6,Not Fraud
T01329,17.9,4,4.3,0,1,9.3,Not Fraud
T00142,9.38,15,8.2,0,3,8.8,Not Fraud
T04710,37.29,1,59,0,3,20.4,Fraud
T03570,13.37,16,13.3,0,2,14.9,Not Fraud
T00248,69.34,22,11.4,0,2,27,Not Fraud
T04554,41.14,3,3.5,0,2,22.3,Not Fraud
T01336,50.27,4,3.4,0,2,38.8,Not Fraud
T00959,22.06,3,30.1,0,0,20.5,Not Fraud
T04673,28.05,18,13.6,0,2,24.3,Not Fraud
T02637,121.73,4,40.2,0,2,24.6,Fraud
T02634,78.56,17,5.6,0,4,38.5,Fraud
T02040,48.99,14,16.9,0,0,15.1,Not Fraud
T03535,7.76,2,4.7,0,0,12.8,Not Fraud
T04411,54.54,13,6,0,3,45.4,Not Fraud
T03665,100.53,17,56.9,0,1,27.8,Not Fraud
T01349,34.3,11,7.4,0,4,50.8,Not Fraud
T02991,46.7,8,4,0,0,7.1,Not Fraud
T00636,13.1,22,1.1,0,1,36,Not Fraud
T00620,23.84,4,0.7,0,3,63.1,Not Fraud
T04539,45.54,20,87.3,0,0,23,Not Fraud
T00824,8.95,4,4.9,0,4,14.4,Not Fraud
T04957,27.43,19,56.4,0,2,34.8,Not Fraud
T00878,53,0,9.4,0,2,13.2,Not Fraud
T04005,36.61,10,27.8,0,0,24.3,Not Fraud
T02064,22.36,16,4.2,0,0,30.8,Not Fraud
T01295,4.44,10,1.1,0,3,23.3,Not Fraud
T00862,7.99,6,2.2,0,4,11.9,Not Fraud
T04174,28.24,19,6.2,0,2,40.1,Not Fraud
T01754,44.59,6,1.7,0,1,17.3,Not Fraud
T04137,13.58,20,16.3,0,0,22.9,Not Fraud
T04241,31.86,11,0.9,0,0,29.3,Not Fraud
T04705,40.73,6,1.9,0,2,17.2,Not Fraud
T00881,21.91,16,17.7,0,2,22.7,Not Fraud
T03815,49.82,12,5.7,0,7,15.6,Not Fraud
T00002,11.32,15,84.9,0,4,19.5,Not Fraud
T02705,17.86,3,7.6,0,4,18.2,Not Fraud
T02875,30.2,2,5.6,0,1,35.3,Not Fraud
T04543,95.63,9,1.7,0,3,33.7,Fraud
T00650,61.01,14,65,0,1,32.6,Not Fraud
T03776,13.31,6,15,0,2,21.6,Not Fraud
T01150,54.08,7,8.6,1,1,27.1,Fraud
T04818,52.71,12,37.3,0,5,64.3,Not Fraud
T03389,139.15,16,6.3,0,2,9,Not Fraud
T03491,6.57,14,78.7,0,1,10.5,Not Fraud
T03934,6.2,14,285.7,0,0,39.9,Not Fraud
T02451,2.87,3,23.6,0,4,32,Not Fraud
T03505,8.75,0,6.9,0,3,11.8,Not Fraud
T00666,99.6,9,29.5,0,0,34.7,Not Fraud
T03953,28.78,2,1,1,2,29.4,Not Fraud
T00685,8.34,19,20,0,4,14.5,Not Fraud
T04687,148.78,9,6.9,0,1,15.7,Not Fraud
T00990,63.22,12,3.7,0,2,19.9,Not Fraud
T04195,15.9,13,43.9,0,1,43.9,Not Fraud
T04211,33.2,21,19.2,0,1,20.6,Not Fraud
T04754,141.97,19,1.3,0,3,42.2,Fraud
T00945,20.94,14,1,0,3,50.9,Fraud
T03100,124,20,8.5,0,2,25.5,Not Fraud
T01607,44.99,4,2.7,0,0,14,Not Fraud
T04850,13.31,1,74.6,0,1,67,Not Fraud
T00399,137.99,12,5.1,0,0,29.3,Not Fraud
T02685,36.65,3,47.5,0,0,39.9,Not Fraud
T00244,184.35,8,12.1,0,1,21.8,Not Fraud
T02315,17.61,15,2.7,0,3,43.3,Not Fraud
T03592,6.53,17,43,0,1,26.5,Not Fraud
T03188,65.49,6,1.1,0,1,36,Not Fraud
T01075,261.68,13,53.8,0,5,27,Not Fraud
T00315,10.74,20,1.2,0,2,13.7,Not Fraud
T03365,23.4,6,138,0,2,38.2,Not Fraud
T02671,75.13,9,4.1,0,1,65.1,Not Fraud
T02660,14.15,16,8,0,3,51.2,Not Fraud
T03912,4,22,75.6,0,1,68.6,Not Fraud
T01792,13.07,8,24.2,0,4,19.9,Not Fraud
T00162,23.12,22,3.1,0,1,47.2,Fraud
T04235,46.32,15,1.1,0,1,15.2,Not Fraud
T03607,19.27,15,12.8,0,2,8.5,Not Fraud
T01367,123,20,5.8,0,1,25.9,Fraud
T00656,46.94,12,5,0,1,11,Not Fraud
T02030,82.11,7,2,0,4,23.1,Not Fraud
T03123,44.83,9,1.3,0,1,56.7,Not Fraud
T03546,40.86,2,0.8,0,1,10.1,Not Fraud
T01602,25.08,5,39,0,1,26,Not Fraud
T04400,29.97,13,39.9,0,1,38.6,Not Fraud
T03376,35.1,17,26.9,0,2,30.4,Not Fraud
T02869,40.1,2,5.2,0,1,17.9,Not Fraud
T04618,20.26,15,23.3,0,2,41.2,Not Fraud
T04877,6.81,10,15.1,0,4,26.9,Not Fraud
T03498,43.14,1,11.3,0,0,32.6,Not Fraud
T00067,13.14,3,1.6,0,2,45,Not Fraud
T03841,45.24,17,14.5,0,1,27.5,Not Fraud
T02743,42,1,9.4,0,1,76,Fraud
T02677,41.57,19,7.7,0,0,16.8,Not Fraud
T00907,268.52,12,14.8,0,5,3.2,Not Fraud
T01735,10.55,4,14,1,0,32.2,Not Fraud
T02440,10.2,4,32.6,0,3,29,Fraud
T04626,169.11,0,19.8,0,5,16.4,Not Fraud
T01892,28.49,19,5.8,0,1,4,Not Fraud
T04785,189,4,8.4,0,5,18,Not Fraud
T00637,32.44,3,46,0,3,44.8,Not Fraud
T00120,6.61,22,6.6,0,1,15.8,Not Fraud
T02178,145.36,18,13.3,0,2,45.3,Not Fraud
T00532,23.19,2,28.1,0,3,19.4,Not Fraud
T00366,79.27,21,2,0,2,37.5,Not Fraud
T04867,7.44,10,98.4,0,0,28,Not Fraud
T01332,18.98,10,7.3,0,5,46.5,Not Fraud
T03367,24.52,18,4.8,0,2,11.8,Not Fraud
T03943,10.86,8,3.5,0,4,24.7,Not Fraud
T03927,251.42,8,474.9,0,2,35,Fraud
T03569,12.77,18,7.7,0,6,11.1,Fraud
T03307,41.35,4,17.4,0,5,47.6,Fraud
T01284,21.04,21,26.8,0,4,47,Fraud
T04360,104.99,9,21.7,0,3,22.3,Not Fraud
T04598,171.13,8,1.7,0,2,3.7,Not Fraud
T04981,9.27,21,15.8,0,2,19.7,Not Fraud
T03369,233.7,23,1.2,0,0,8,Not Fraud
T00134,123.7,7,6.4,0,1,26.8,Not Fraud
T02290,22.97,22,1.9,0,1,52.3,Not Fraud
T00298,220.41,4,9.7,0,5,11.3,Not Fraud
T04155,22.43,3,11.3,0,3,39.3,Fraud
T01564,140.68,3,12,0,1,21.7,Not Fraud
T04522,100.06,10,12.8,1,2,37.4,Not Fraud
T04831,16.58,8,23.3,0,1,14.5,Fraud
T04951,2.03,20,26.3,0,6,58,Not Fraud
T00249,199.85,6,3.7,0,0,17.4,Not Fraud
T01794,13.09,16,39.3,0,2,50.2,Not Fraud
T00895,55.37,14,3.8,0,0,43,Not Fraud
T00691,85.28,22,1.6,0,3,13.3,Not Fraud
T03203,22.51,10,1,0,0,32.4,Not Fraud
T02092,40.56,7,5.4,0,5,16.2,Not Fraud
T00767,13.93,13,4.7,0,2,33.8,Not Fraud
T03773,69.69,15,21.2,0,2,38.5,Not Fraud
T03176,621.28,11,1.2,0,3,45.7,Not Fraud
T00247,6.46,18,6.7,0,1,16.6,Not Fraud
T00993,52.83,15,3.7,0,2,21.8,Not Fraud
T01691,31.18,10,30.4,0,3,12.5,Fraud
T03763,24.74,17,26.2,0,0,16.9,Not Fraud
T01571,72.38,6,370.9,0,2,42.4,Fraud
T01240,97.61,9,3.3,0,2,34.2,Not Fraud
T01001,61.18,1,6.1,1,1,4.7,Not Fraud
T01855,145.31,18,3,0,3,34,Not Fraud
T01838,83.68,3,6.9,0,2,48.1,Not Fraud
T01677,94.07,2,109,0,0,47.5,Fraud
T01219,9.03,21,9.6,0,2,47.1,Not Fraud
T02445,46.31,23,4.8,0,5,36.8,Not Fraud
T00674,53.31,11,9.1,0,3,46.8,Not Fraud
T00702,125.8,22,8.3,0,3,43,Fraud
T00949,40.72,3,12,0,4,26,Not Fraud
T02202,9.98,19,9.2,0,0,15.4,Not Fraud
T00852,19.75,15,28.2,0,2,29.7,Not Fraud
T00868,36.43,13,127.4,0,1,22.9,Not Fraud
T01396,17.48,21,1,0,4,26.4,Not Fraud
T04843,3.85,17,10.5,0,1,72.5,Not Fraud
T00837,15.36,23,29.9,0,3,19,Not Fraud
T04830,6.87,5,1.2,0,1,54.8,Fraud
T00237,28.03,5,26.2,0,1,6.9,Not Fraud
T02491,19.7,17,11.8,0,3,46.4,Not Fraud
T03139,10.34,0,1.6,0,4,6.9,Not Fraud
T01596,116.36,20,49.7,0,7,32.6,Fraud
T04580,8.68,7,3.1,0,1,25,Not Fraud
T03324,6.1,8,8.5,0,5,16.5,Not Fraud
T04128,41.3,23,13.5,0,1,29.5,Not Fraud
T00300,21.99,6,9.6,0,2,46.6,Not Fraud
T00755,37.03,20,1.7,0,4,17.5,Not Fraud
T01051,79.56,17,63.1,0,1,30.9,Not Fraud
T03132,11.2,6,9.1,0,3,29.7,Not Fraud
T02912,3.9,2,3.1,0,2,6.3,Not Fraud
T02945,64.11,14,146.8,0,5,11.9,Not Fraud
T01243,24.08,11,5.8,0,2,6.1,Not Fraud
T04443,69.67,8,18.6,0,3,9,Not Fraud
T04588,161.83,18,57.2,0,1,11,Not Fraud
T04849,98.67,23,14.8,0,3,16.6,Fraud
T01931,82.28,1,12,0,2,74.3,Not Fraud
T02161,67.36,4,39.2,0,2,34.8,Not Fraud
T00031,20.45,0,6.9,0,4,33.8,Fraud
T02409,111.16,21,13.6,0,2,34.4,Not Fraud
T01413,14.98,22,3.5,0,2,10.2,Not Fraud
T00308,43.76,15,9.5,0,0,12.7,Not Fraud
T00069,61.55,10,10.7,0,1,57.2,Fraud
T00408,179.78,22,5.9,0,0,30.5,Not Fraud
T00825,36.08,2,30.2,0,7,22.8,Not Fraud
T00358,126.86,4,16.1,0,1,18.5,Fraud
T01680,42.33,6,8.1,0,4,26,Fraud
T02207,31.63,9,5.6,0,3,20.3,Not Fraud
T02684,405.96,5,13,0,6,28,Not Fraud
T02611,59.71,5,24,0,1,20.9,Not Fraud
T03432,41.71,16,11.3,0,2,20,Not Fraud
T03730,31.23,21,15.6,0,1,58.6,Not Fraud
T04169,55.99,5,16.7,0,2,8.4,Not Fraud
T00449,105.99,9,48.9,0,2,45.9,Fraud
T01265,107.3,16,50.2,0,1,45.4,Not Fraud
T00714,9.3,21,1.1,0,2,36.2,Not Fraud
T01890,14.9,7,235.3,0,3,18.8,Fraud
T03078,18.3,23,5.3,0,4,22.8,Not Fraud
T00664,13.6,3,8.9,0,4,21.3,Not Fraud
T02429,5.84,6,0.3,1,1,30.9,Not Fraud
T02469,86.61,20,8.4,0,2,25.3,Not Fraud
T02303,10.4,13,20.5,0,2,42.4,Not Fraud
T00621,277.27,10,9.7,0,1,29,Not Fraud
T03373,41.93,3,4.8,0,2,48.5,Fraud
T04776,4.25,9,5.9,0,1,13.6,Not Fraud
T01226,4.95,14,89.6,0,2,56.4,Fraud
T02110,65.66,1,13.5,0,3,7.3,Not Fraud
T03322,36.99,22,90.2,0,2,61,Not Fraud
T03651,15.78,19,1.6,0,1,38.8,Not Fraud
T00899,44.6,6,9.3,0,3,41.4,Not Fraud
T04508,310,16,17.7,0,1,50.2,Fraud
T04505,48.19,4,43.8,0,1,43.7,Not Fraud
T00217,17.29,10,1.2,0,1,39.9,Not Fraud
T02057,29.69,1,5.4,0,5,18.9,Not Fraud
T00029,58.32,20,12.6,0,5,3.7,Not Fraud
T03526,17.26,10,4.3,0,3,29.9,Not Fraud
T02230,220.33,16,15.6,0,5,22.3,Not Fraud
T04825,15.9,9,2.4,1,2,22.8,Not Fraud
T00880,14.59,2,1.3,0,3,54.4,Not Fraud
T03135,54.1,13,1.9,0,1,28.9,Not Fraud
T01862,90.47,3,2.3,0,3,22.6,Not Fraud
T02437,15.53,6,5.9,0,1,25.5,Not Fraud
T03518,7.25,4,1.2,0,1,44.3,Not Fraud
T01244,65.05,17,13.5,0,2,21,Not Fraud
T03378,53.62,10,50.3,0,2,6.2,Not Fraud
T02277,10.6,13,18.1,0,0,47.5,Not Fraud
T01711,17.74,10,19,0,1,13.3,Not Fraud
T01928,8.16,3,9.7,0,2,39.1,Not Fraud
T00789,41.35,5,0.5,0,5,28.2,Not Fraud
T01290,30.99,7,1.3,0,2,55.1,Not Fraud
T02181,18.63,14,13.2,1,2,17.7,Not Fraud
T00235,59.48,21,5,0,8,46.7,Not Fraud
T04689,14.15,21,4.4,0,5,8.1,Not Fraud
T00511,11.13,8,73.5,1,4,19.6,Fraud
T03704,30.87,23,20.2,0,0,12.9,Not Fraud
T01632,51.48,2,12.5,0,1,28.1,Not Fraud
T01013,7.31,19,9.2,0,2,17.3,Not Fraud
T02697,15.07,15,0.7,0,2,15.7,Not Fraud
T03092,60.52,9,14.3,0,0,7.8,Fraud
T02217,108.45,22,18.1,0,3,45.5,Not Fraud
T04677,21.53,8,8,1,1,38,Not Fraud
T03722,8.97,6,32.9,0,1,18.8,Not Fraud
T01570,38.51,21,1.6,0,2,22.2,Not Fraud
T01139,51.99,13,17.2,0,5,62.1,Not Fraud
T00580,24.91,9,10.4,0,4,13.3,Not Fraud
T04171,14.47,14,1.8,0,3,20.3,Not Fraud
T03644,76.9,2,1.9,0,2,19.8,Not Fraud
T04502,60.64,6,1,0,0,21.9,Not Fraud
T02602,50.16,13,16.5,0,2,46.5,Not Fraud
T02378,64.53,13,6.6,0,2,49.5,Not Fraud
T01415,272.57,20,14.6,0,2,6.6,Not Fraud
T04807,5.93,10,26.3,0,3,32.7,Not Fraud
T00428,158.64,15,17.4,0,2,20.5,Not Fraud
T04796,44.88,21,5.5,1,2,6.5,Not Fraud
T00648,247.72,1,90.2,0,6,8.9,Fraud
T02649,8.57,16,32.1,0,1,34.2,Not Fraud
T01894,48.77,2,2.9,0,1,60,Fraud
T02296,50.99,3,12.2,1,1,21.7,Not Fraud
T00801,92.95,21,19.4,1,4,49.3,Not Fraud
T02682,81.05,20,8.6,0,1,6.4,Not Fraud
T00388,7.09,6,4.7,1,4,38.9,Fraud
T03702,117.75,20,2.8,0,0,18.4,Not Fraud
T01209,3.3,3,46.5,0,3,18.7,Not Fraud
T03869,77.96,8,5.3,0,1,18.7,Not Fraud
T03457,28.16,7,0.9,0,0,33.4,Not Fraud
T04662,38.78,18,12,0,0,52.6,Not Fraud
T01260,18.95,18,398.4,0,2,25.6,Fraud
T03950,4.35,7,0.4,0,2,31.5,Not Fraud
T01870,22.4,20,2.3,0,2,45.5,Not Fraud
T01126,14.53,1,3.2,0,1,57.5,Fraud
T04914,20.91,1,48.6,0,1,19.4,Not Fraud
T04203,6.44,17,12.5,0,4,38.1,Not Fraud
T01732,33.82,3,56.2,0,1,17.5,Not Fraud
T02128,17.86,1,142.1,0,4,44.5,Fraud
T03755,15.33,17,3.4,0,3,15.9,Not Fraud
T03731,253.75,19,65.4,0,0,27.9,Not Fraud
T02881,42.9,14,27.2,0,4,35.1,Not Fraud
T02714,20.34,2,8.7,0,2,9.8,Not Fraud
T01462,117.6,11,3.1,0,2,19.6,Not Fraud
T04509,13.29,16,116.9,0,1,40.5,Not Fraud
T03476,28.98,0,3.1,0,3,45.9,Fraud
T04836,39.01,2,6.4,0,2,31.5,Not Fraud
T01768,144.04,2,3.1,0,3,22,Not Fraud
T01917,15.55,21,6,0,3,8.8,Not Fraud
T01257,6.92,4,1.4,0,3,48.5,Not Fraud
T04884,20.38,17,3.1,0,2,8.9,Not Fraud
T00728,18.1,22,3.9,0,3,33.9,Not Fraud
T02160,20.39,14,55.3,0,1,46.3,Not Fraud
T03467,26.13,13,0.6,0,0,43,Not Fraud
T00773,541.96,9,31.7,0,4,31.8,Not Fraud
T03040,10.82,1,14.2,0,2,18.1,Fraud
T04249,23.84,20,3.9,0,3,40.6,Not Fraud
T04757,282.92,20,7.3,0,4,12.4,Not Fraud
T01437,35.19,20,16.9,0,1,12.9,Not Fraud
T02305,14.26,3,18.9,0,1,56,Fraud
T00139,16.68,13,89.2,0,2,54.9,Not Fraud
T04841,153.77,9,36.2,0,0,16,Not Fraud
T03455,204.95,3,17.4,0,1,14.6,Not Fraud
T01157,32.05,5,2,0,3,5.4,Not Fraud
T03464,42.02,14,10.8,0,3,6.7,Not Fraud
T00470,21.04,17,83.9,1,4,21.8,Fraud
T01576,39.48,14,51.3,0,0,6.9,Not Fraud
T02786,68.41,18,6.5,0,2,18,Not Fraud
T04225,63.29,2,4.2,0,2,30.7,Not Fraud
T04398,22.53,20,23.2,0,2,21.7,Not Fraud
T02145,199.98,23,7.2,0,2,6.7,Fraud
T00443,8.7,10,41.5,1,1,33.7,Not Fraud
T01719,356.21,22,1.3,0,1,55.8,Not Fraud
T01167,33.04,8,3.2,0,0,73.3,Fraud
T02919,6.72,18,9,0,6,27.2,Not Fraud
T04007,12.58,14,35.1,0,0,58.2,Not Fraud
T04383,27.06,15,0.5,0,2,16.6,Not Fraud
T04722,76.17,0,9.3,0,3,28.3,Fraud
T00920,42.83,8,6.7,0,3,20.4,Not Fraud
T01040,31.03,14,1.5,1,4,16.1,Not Fraud
T03077,12.28,4,7.7,0,0,28.8,Not Fraud
T02699,23.74,20,12.5,0,1,17,Not Fraud
T04026,30.05,14,1,0,3,47,Not Fraud
T03031,34.57,21,12,0,2,22.2,Not Fraud
T03423,6.19,22,1.9,0,0,11.8,Not Fraud
T01031,32.58,9,9,0,1,8.7,Not Fraud
T04996,175.38,23,62.4,0,3,27.6,Not Fraud
T00145,127.25,6,0.3,0,1,16.4,Not Fraud
T03566,16.13,23,4.5,0,0,56.1,Not Fraud
T03955,27.77,17,29.7,0,3,12.2,Not Fraud
T00669,37.86,23,34.6,0,1,27.6,Not Fraud
T02675,52.03,15,151.5,0,0,27,Not Fraud
T01277,47.83,23,24.6,1,0,17.9,Not Fraud
T00814,111.32,1,6.9,0,0,11.7,Not Fraud
T00500,101.98,11,10.6,0,3,48.4,Not Fraud
T01857,90.11,12,117.3,0,1,41.6,Not Fraud
T04784,105.56,15,4.1,0,1,18.4,Not Fraud
T01994,40.9,21,16.6,0,0,26.5,Not Fraud
T04006,40.82,13,11.3,0,1,48.9,Not Fraud
T02012,60.9,10,3,1,0,34.5,Not Fraud
T00947,22.46,21,24.3,0,1,37.7,Not Fraud
T01937,17.92,12,67.1,0,5,22.3,Not Fraud
T00571,5.57,7,2.8,0,1,18.7,Not Fraud
T00583,32.49,0,7.7,0,4,52.3,Not Fraud
T00405,5.98,2,41.1,0,3,58.5,Not Fraud
T04632,52.12,5,15.2,0,1,52.6,Not Fraud
T00109,7.61,5,0.5,0,1,55.6,Not Fraud
T04323,39.12,16,1.9,0,1,27.2,Not Fraud
T04488,15.66,9,5,0,2,34.5,Not Fraud
T04380,25.49,10,38.1,0,1,68.8,Fraud
T03583,242.89,15,15,0,2,55.7,Not Fraud
T02860,17.56,3,63.6,0,0,14.9,Not Fraud
T04029,32.51,7,15.7,0,2,14.3,Not Fraud
T01189,13.6,2,3.3,0,2,10.6,Fraud
T02692,74.72,7,67.2,0,1,4.6,Not Fraud
T00718,54.81,18,3.1,0,1,19.6,Not Fraud
T02382,29.39,22,0.8,0,2,27.3,Fraud
T03020,28.08,1,49.2,0,2,42.4,Not Fraud
T04969,63.32,7,11.7,0,5,28.9,Not Fraud
T03262,81.89,15,11.1,0,1,37.6,Not Fraud
T03671,67.45,17,6.2,0,1,3.2,Not Fraud
T03470,6.59,3,46.5,0,1,15.8,Not Fraud
T01563,14.79,5,90.5,0,2,6.9,Not Fraud
T03068,42.46,14,44.6,0,1,25.4,Not Fraud
T02541,141.38,10,1.8,1,3,46.2,Fraud
T02987,18.34,0,92.1,0,0,6.4,Not Fraud
T01321,24.9,18,4,0,2,26,Not Fraud
T02659,101.5,20,10.6,0,2,58.9,Fraud
T00015,14.85,22,2.8,0,1,7.3,Not Fraud
T04291,96.11,15,69.9,1,2,36.1,Not Fraud
T02343,344.83,6,2.4,0,3,59.3,Fraud
T03741,19.62,6,7.3,1,1,25.1,Not Fraud
T02281,285.41,14,22.5,0,0,24,Not Fraud
T00499,4.45,19,15.2,0,1,12.4,Not Fraud
T03733,104.7,21,16.5,0,4,32.2,Not Fraud
T03813,96.7,4,6.6,0,3,45.9,Fraud
T04990,11.18,6,1.8,0,1,20.2,Not Fraud
T00401,6.88,12,402.4,0,3,21.5,Fraud
T01078,23.47,16,10.5,0,2,25.2,Not Fraud
T03561,23.39,21,1.5,0,2,38.7,Fraud
T01574,218.81,20,9.4,0,0,20.3,Not Fraud
T02461,34.92,10,6.7,0,2,49.2,Not Fraud
T03187,17.99,10,4.9,0,2,36.8,Not Fraud
T04753,117.37,23,17.7,0,1,8.9,Not Fraud
T02198,9.11,10,443.4,0,0,4.3,Fraud
T01496,19.94,9,22.7,0,2,49.6,Not Fraud
T00577,25.18,9,39.6,0,0,20.5,Not Fraud
T01846,2.51,9,0.7,0,1,50.5,Not Fraud
T02039,166.5,4,3.1,0,2,21.7,Not Fraud
T01390,143.63,9,3,0,2,32.3,Not Fraud
T02583,39.6,6,53.6,0,4,15,Not Fraud
T00440,458.45,10,5.7,0,2,12.9,Not Fraud
T01451,10.52,12,0.6,0,1,48.5,Not Fraud
T04530,3.91,16,11,0,1,5.6,Not Fraud
T03168,66.1,18,1.5,0,1,7.3,Not Fraud
T01645,144.88,20,20.9,0,2,22.2,Not Fraud
T03857,6.82,14,12.9,0,4,25.9,Not Fraud
T02260,22.75,12,53.7,0,0,18.5,Not Fraud
T03390,25.04,17,7.4,0,4,43.6,Not Fraud
T03493,10.27,6,3.3,0,4,23.1,Not Fraud
T02584,11.27,12,15.6,0,0,15.1,Not Fraud
T04060,563.86,23,6.7,1,5,30.7,Fraud
T04743,38.48,3,1.2,1,1,29.8,Not Fraud
T04606,17.49,16,46.5,0,3,36.9,Not Fraud
T04473,59.24,17,1.8,0,3,22.2,Not Fraud
T01834,31.99,12,82,0,2,16.5,Not Fraud
T02688,77.59,21,5,1,1,26.3,Not Fraud
T02556,62.08,7,19.2,0,2,2.2,Not Fraud
T02884,10.41,10,11.7,0,3,12.7,Not Fraud
T03558,68.73,5,3.1,0,0,23.8,Not Fraud
T04040,138.55,19,11.4,0,6,27.3,Not Fraud
T02005,364.4,7,13,0,1,38.7,Not Fraud
T01282,60.56,14,14.5,0,1,38.6,Not Fraud
T03096,5.02,20,5.1,0,1,12.1,Not Fraud
T01816,25.42,17,0.8,0,2,15.4,Not Fraud
T02957,11.34,8,466.2,0,0,73,Fraud
T04520,97.85,6,13.2,0,2,45.4,Not Fraud
T01742,90.02,19,8.3,0,2,28.3,Fraud
T00175,99.67,10,3.2,0,0,6.7,Not Fraud
T02021,20.36,5,6.7,0,3,20.1,Not Fraud
T01736,29.64,20,22.7,0,3,26.7,Not Fraud
T01029,132.43,3,3,0,2,32.7,Not Fraud
T00725,15.01,18,1.7,0,1,29.2,Not Fraud
T03012,17.56,16,5.4,0,0,46.9,Not Fraud
T01619,115.55,15,2.2,1,1,34.6,Not Fraud
T02401,4.42,8,1.5,1,2,32.7,Not Fraud
T00234,114.92,7,13.1,0,2,39.8,Not Fraud
T03445,11.65,5,21.9,0,2,24.9,Not Fraud
T03514,31.43,10,17.8,0,2,35.7,Not Fraud
T02760,32.9,3,1.6,0,1,50.8,Not Fraud
T01940,59.15,23,5.8,0,2,23.6,Not Fraud
T02425,96.98,4,51.8,0,3,51.3,Not Fraud
T00972,8.98,12,5.2,0,2,31.4,Not Fraud
T03079,52.69,22,75.3,0,2,32.1,Not Fraud
T01835,22.37,8,0.5,0,4,59.6,Fraud
T04986,142.97,10,1.7,0,4,33.8,Not Fraud
T02097,17.02,22,4.9,0,3,3.7,Not Fraud
T04730,5.06,6,13,0,2,26.3,Not Fraud
T01709,30.26,15,2.1,1,1,41.8,Not Fraud
T04829,46.11,17,99.1,1,1,34.9,Not Fraud
T04729,34.41,18,5,0,5,15.7,Not Fraud
T03267,4.86,12,12.4,0,2,50.7,Not Fraud
T00442,43.72,9,11.7,0,3,30.2,Not Fraud
T01811,76.45,12,97.1,0,5,11,Not Fraud
T02870,29.1,10,14.9,0,2,4.4,Not Fraud
T02311,60,5,35.3,0,1,30.1,Not Fraud
T01669,180.94,0,5.1,0,3,54.5,Fraud
T01012,46.82,6,12.3,0,0,34.5,Not Fraud
T01018,82.2,1,10.4,0,2,48,Not Fraud
T03743,50.8,5,3.4,0,2,9.6,Not Fraud
T02638,8.47,15,33,0,3,25.3,Not Fraud
T01274,50.52,13,1.1,0,7,57.8,Not Fraud
T00049,46.47,14,0.5,0,3,14.7,Not Fraud
T04992,35.4,23,1.7,0,3,38.8,Not Fraud
T04979,46.32,1,14.1,0,3,30.1,Not Fraud
T00035,89.48,7,55.8,0,2,20.8,Not Fraud
T01586,34.62,7,3.5,0,2,30.8,Not Fraud
T02754,58.99,13,36.6,0,1,20.5,Not Fraud
T03615,40.79,17,102.8,0,0,48.6,Not Fraud
T03060,12.31,18,12.1,0,0,49.5,Not Fraud
T04072,12.64,12,3.4,0,5,57.1,Not Fraud
T02295,14.29,4,11.7,0,2,26.6,Not Fraud
T02349,13.7,0,7.5,0,4,24.5,Not Fraud
T01375,64.21,7,19.7,0,4,17.3,Not Fraud
T04934,10.37,17,2.8,0,0,8.4,Not Fraud
T03027,56.22,4,3.1,0,0,9.1,Not Fraud
T04594,47.7,9,11.8,0,0,29.5,Not Fraud
T00493,36.32,8,5.7,0,0,49.4,Not Fraud
T03629,91.41,22,8.8,1,1,5,Not Fraud
T04341,132.24,20,2.9,0,0,14.6,Not Fraud
T02065,57.31,4,1.6,0,0,26.4,Not Fraud
T04292,8.86,7,20.8,0,1,24.2,Not Fraud
T04358,56.08,12,0.8,0,3,53.9,Not Fraud
T04454,10.47,9,40.6,0,1,20.3,Not Fraud
T02004,3.61,2,25,0,5,29.6,Not Fraud
T04682,13.2,5,1.9,0,2,51.1,Fraud
T01789,37.08,7,4.7,0,1,4.4,Not Fraud
T00756,20.56,23,1.8,0,3,46.1,Fraud
T00689,23.1,11,2.4,0,2,20.3,Not Fraud
T03907,8.89,11,47.5,0,3,40.5,Not Fraud
T00876,45.87,18,11.6,0,3,3.5,Not Fraud
T04289,29.39,11,0.9,0,6,51.5,Not Fraud
T04942,33.52,21,18.3,0,2,27,Not Fraud
T04559,49.4,6,2.1,0,1,14.1,Not Fraud
T00193,25.14,10,0.1,0,4,55.8,Fraud
T04766,10.65,6,2.5,0,0,51.1,Not Fraud
T04999,29.88,16,3,0,4,9.2,Not Fraud
T04233,34.83,11,32.5,0,2,11.7,Not Fraud
T04749,17.68,19,23.8,0,1,50.9,Not Fraud
T03212,19.76,0,6.8,0,1,30.5,Not Fraud
T03116,13.61,18,15.6,0,2,3,Not Fraud
T02405,102.06,10,4.2,0,2,31.7,Not Fraud
T01610,12,19,22.2,0,3,27,Not Fraud
T01885,200.65,16,29.7,0,3,24.8,Not Fraud
T01279,47.24,11,30,0,1,15.7,Not Fraud
T04501,5.96,6,10,0,5,36.8,Fraud
T04304,24.06,17,19.7,1,2,42.5,Not Fraud
T02801,9.68,20,7.5,0,2,13.6,Not Fraud
T00004,26.11,16,5.3,0,1,31.4,Not Fraud
T02990,41.8,19,34.2,0,6,37.9,Not Fraud
T00766,11.34,7,12.7,1,3,13.8,Not Fraud
T01137,61.26,9,5.3,1,1,20.9,Not Fraud
T02700,35.74,22,1.4,0,4,9.8,Not Fraud
T02839,64.06,23,17.1,0,2,27.3,Not Fraud
T02472,13.44,20,10,0,3,29.8,Not Fraud
T04762,50.95,20,19.7,0,4,35.9,Not Fraud
T04863,29.44,5,114.7,0,2,22.5,Not Fraud
T03956,5.59,10,65.7,0,1,37.8,Not Fraud
T00413,96.66,7,26.2,0,3,18.3,Not Fraud
T00114,63.39,0,4,0,1,21.1,Not Fraud
T01535,19.77,0,32,0,1,19.5,Not Fraud
T04279,37.12,16,5,0,2,18.7,Not Fraud
T01009,42.2,17,8.5,0,2,20.3,Not Fraud
T02423,16.04,21,23.2,0,0,31.5,Not Fraud
T04817,63.16,15,8.5,0,1,18,Fraud
T01311,49.33,18,8.7,0,0,26.4,Not Fraud
T02256,27.13,23,16,0,1,19.1,Not Fraud
T04112,18.11,10,39.8,0,2,43.2,Not Fraud
T00892,439.48,20,45.2,0,2,36.6,Not Fraud
T02109,110.35,12,56.4,0,0,39.5,Fraud
T00189,17.08,1,3,0,2,21.4,Not Fraud
T02785,135.03,4,11.9,0,2,12.9,Not Fraud
T02385,23.34,1,15,0,1,8.3,Not Fraud
T02891,37.02,15,2.1,0,3,31.3,Not Fraud
T01660,111.5,19,21.1,0,4,29.1,Not Fraud
T03133,17.6,12,163.7,0,4,12.1,Fraud
T04198,23.22,5,11,0,3,15.4,Not Fraud
T01428,7.96,3,4.5,0,4,25.3,Not Fraud
T00496,124.12,2,20.8,0,1,24.7,Not Fraud
T01807,51.53,3,29.2,0,1,23,Not Fraud
T01023,74.06,19,0.6,0,1,13.5,Not Fraud
T03269,18.19,2,11,0,2,17.9,Not Fraud
T00108,110.95,22,8.8,0,5,5.7,Not Fraud
T02667,7.45,9,94.1,0,2,28.8,Not Fraud
T00045,104.66,14,21,0,3,22.1,Not Fraud
T02291,14.15,23,12.6,0,0,10.8,Not Fraud
T03275,27.31,8,1.2,0,5,28.5,Not Fraud
T01034,125.75,6,20.4,1,1,41.4,Not Fraud
T00736,8.88,16,30.1,0,2,16.7,Not Fraud
T04099,115.58,3,8.6,0,1,14,Not Fraud
T01111,87.52,11,6.4,0,4,41.8,Not Fraud
T02000,17.7,4,1.8,0,1,6.9,Not Fraud
T04116,93.7,0,10.4,0,2,33.4,Fraud
T02136,31.92,1,44.2,0,0,28.5,Not Fraud
T01856,14.22,9,30,0,3,25.4,Not Fraud
T04056,163.43,10,13.9,0,1,38.4,Not Fraud
T03858,31.75,17,16.9,0,2,20.2,Not Fraud
T01404,8.77,7,3.5,0,2,15.4,Not Fraud
T03924,18.33,5,34.8,0,4,7.9,Not Fraud
T01077,20.98,13,47.1,0,1,24.8,Not Fraud
T00040,15.23,17,741.1,0,3,32.9,Fraud
T00822,20.71,23,97.3,0,2,5.4,Not Fraud
T04603,32.21,16,6.5,0,2,31,Not Fraud
T04608,100.19,1,76.8,0,2,37,Fraud
T04688,5.9,7,4.1,0,1,40.9,Not Fraud
T04346,30,22,223.5,0,0,18.1,Not Fraud
T01710,17.53,1,25.6,0,1,11.3,Not Fraud
T02389,8.66,14,34.1,0,2,15.9,Not Fraud
T00465,21.63,22,2.4,1,2,10.8,Fraud
T01876,34.82,21,5,0,3,4.4,Not Fraud
T03285,28.1,14,12.6,0,4,13.7,Not Fraud
T04544,25.8,7,79.9,0,4,14.5,Not Fraud
T02799,434.65,6,23,0,3,17.9,Not Fraud
T00874,5.78,10,17.1,0,1,27.6,Not Fraud
T01435,15.53,6,12.9,0,1,32.7,Not Fraud
T01600,33.51,11,3,1,1,38.7,Not Fraud
T03799,17.79,14,32.1,0,2,34.2,Not Fraud
T04328,152.3,1,10,0,0,35.6,Not Fraud
T02028,9.83,13,73.4,0,4,28.1,Fraud
T03224,18.05,21,14.3,1,3,43.5,Not Fraud
T02622,6.94,1,8.7,0,0,26.6,Not Fraud
T03617,11.17,6,2.5,0,2,44.5,Not Fraud
T02441,96.96,9,77.7,0,2,16.1,Not Fraud
T02522,56.66,21,17.2,0,2,2.8,Not Fraud
T00452,41.57,3,10,0,1,21.7,Not Fraud
T04506,75.13,15,32.5,0,2,25.9,Not Fraud
T03923,29.85,23,10,0,1,20,Not Fraud
T00596,106.52,21,2,0,4,19.1,Not Fraud
T03672,75.71,2,2.5,0,1,10.2,Not Fraud
T02471,31.77,0,8,0,3,7.6,Not Fraud
T04702,37.84,17,8.9,0,0,49.6,Not Fraud
T01070,29.35,13,14.9,0,1,34,Not Fraud
T00794,19.89,4,1.2,0,2,6,Not Fraud
T02976,14.67,17,18.2,0,0,52.6,Not Fraud
T02710,4.93,19,3.3,0,3,11.4,Not Fraud
T01642,107.03,20,14,0,5,38.5,Not Fraud
T00717,7.18,19,27.6,0,2,43.3,Not Fraud
T04497,69.04,12,3.5,0,3,60.7,Not Fraud
T04883,70.6,15,2.5,0,2,35.5,Not Fraud
T04070,28.79,15,17.9,0,3,26.4,Not Fraud
T03902,57.94,21,2,0,2,17.5,Not Fraud
T01836,53.57,9,5.8,0,5,20.2,Not Fraud
T01154,15.52,17,0.6,0,3,9.2,Not Fraud
T00342,9.89,3,0.8,0,3,33.4,Fraud
T02733,45.69,15,16.2,0,0,12.9,Not Fraud
T03725,30.73,21,2.8,0,1,9.2,Not Fraud
T02200,82.28,2,289.1,0,1,16.4,Fraud
T00364,37.85,13,14.8,0,0,19.3,Not Fraud
T01063,58.73,13,10.3,0,0,28.6,Not Fraud
T02636,19.72,12,69.2,0,1,21.6,Not Fraud
T01352,47.72,10,2.4,0,1,14.4,Not Fraud
T00558,80.7,0,19.8,0,4,32.1,Not Fraud
T00863,285.96,7,12.7,0,3,11.6,Not Fraud
T01101,9.98,15,13.7,0,2,31.5,Not Fraud
T03421,125.99,5,6.7,0,3,74.1,Fraud
T00054,38.68,14,2,0,3,55.4,Not Fraud
T02550,53.08,10,5.1,0,4,1.3,Not Fraud
T00879,4.72,13,1.7,0,2,8.8,Not Fraud
T03348,17.54,19,1.9,0,3,29.9,Not Fraud
T00555,40.68,23,4,1,0,27.2,Not Fraud
T04787,36.6,15,1.9,0,3,47.8,Fraud
T01713,129.47,12,58.3,0,4,20,Not Fraud
T03017,51.01,21,11.1,1,2,63,Not Fraud
T00608,202.78,8,38.8,0,2,20.3,Not Fraud
T01090,17.48,1,1,0,0,5.1,Not Fraud
T02992,75.44,14,5.4,0,5,25.9,Not Fraud
T00979,34.06,3,6.4,0,2,37.9,Fraud
T03450,37.69,9,3.8,0,3,10.6,Not Fraud
T02523,122.64,11,9.2,0,4,58,Not Fraud
T01234,579.92,21,3.3,0,2,50.6,Not Fraud
T04053,47.22,19,73.6,0,5,36.7,Fraud
T00628,17.21,4,1.7,0,1,8.3,Not Fraud
T04173,11.16,13,7.6,0,4,20.3,Not Fraud
T02607,31.5,15,3.3,0,2,14.4,Not Fraud
T01625,126.36,7,3.2,0,2,7.6,Not Fraud
T03081,13.31,13,8.1,0,2,40.1,Not Fraud
T04111,74.67,2,34.2,0,0,13.7,Not Fraud
T00492,336.59,23,3.9,0,4,11.1,Not Fraud
T00724,105.59,1,3.8,1,1,17.6,Not Fraud
T04866,22.45,1,42,0,2,41.2,Not Fraud
T00557,12.81,14,3.7,0,5,7.7,Not Fraud
T02613,89.89,13,15.5,0,0,64.3,Not Fraud
T00089,4.42,17,1.9,0,0,9.3,Not Fraud
T03679,23.8,16,8.4,0,2,29.6,Not Fraud
T01899,36.66,4,20.9,0,1,35.9,Fraud
T04076,33.87,10,0.2,0,4,54.9,Not Fraud
T00977,22.67,8,15.2,0,4,70,Fraud
T03807,23.68,19,1.1,0,3,55.1,Fraud
T03305,21.53,17,38.4,0,2,18,Not Fraud
T02020,62.18,2,0.6,0,4,16.1,Not Fraud
T03030,38.26,10,29.2,0,3,3.8,Not Fraud
T04450,117.15,2,30.6,1,2,27.9,Fraud
T02283,6.66,5,5.7,0,3,44.3,Fraud
T03055,42.22,4,3,0,1,4.9,Not Fraud
T02466,5.59,13,46.4,0,2,14.6,Not Fraud
T04907,89.84,8,42.7,0,1,36.5,Not Fraud
T02691,6.24,8,4.9,0,1,6.4,Not Fraud
T04675,58.23,16,0.6,0,5,17.1,Not Fraud
T03544,110.05,20,24.4,0,1,36.2,Not Fraud
T04003,133.3,4,1.1,0,3,8,Not Fraud
T03508,93.6,15,14.8,0,1,9.6,Not Fraud
T00365,46.38,17,30.2,0,1,15.9,Not Fraud
T01724,21.58,22,10.6,0,3,10.8,Not Fraud
T00526,45.47,20,0.4,0,2,26.7,Not Fraud
T03938,236.4,15,5.9,0,1,47.4,Not Fraud
T02224,49.86,3,89.9,0,0,9.6,Not Fraud
T01973,2.79,0,29.1,0,0,19.7,Not Fraud
T01904,28.64,13,4,0,2,30.3,Fraud
T02914,10.62,12,7.4,0,1,37.6,Not Fraud
T03043,17.43,16,26.7,0,2,6.1,Not Fraud
T04885,120.06,13,0.6,0,2,6.4,Not Fraud
T04058,10.98,10,2.1,0,3,28.5,Not Fraud
T04262,42.37,6,16.6,0,0,41,Not Fraud
T03745,189.43,17,2.7,0,1,10.5,Not Fraud
T00525,20.19,21,40.1,0,3,33.1,Not Fraud
T01446,63.51,0,1.3,0,1,44.9,Not Fraud
T02484,3.63,3,70.4,0,2,48.5,Not Fraud
T03191,16.98,12,75.2,0,1,26.8,Not Fraud
T00354,59.3,1,91.5,0,1,13.4,Not Fraud
T01679,35.13,3,19.3,0,1,44.1,Not Fraud
T03904,59.23,1,56.1,0,2,13.5,Not Fraud
T02486,57.68,23,3,1,2,17.1,Not Fraud
T00423,53.1,18,179.7,0,2,16.1,Not Fraud
T04232,252.08,0,6.3,0,3,18.4,Not Fraud
T03879,36.05,16,8.2,0,2,15.6,Not Fraud
T00079,10.17,0,4.3,0,2,38.7,Not Fraud
T02930,22.88,8,23.8,0,0,9.2,Not Fraud
T01177,40.43,20,4,0,5,22.5,Not Fraud
T03340,65.33,10,27.3,0,4,25.7,Not Fraud
T00190,9.68,16,9.5,0,4,23.1,Not Fraud
T04820,54.96,20,51.7,1,1,11.6,Fraud
T02555,40.44,7,32.9,0,2,8.6,Not Fraud
T00239,16.39,0,26.7,0,3,30.7,Not Fraud
T03465,45.23,1,15.6,0,2,7.6,Not Fraud
T02006,146.44,7,2.1,0,4,60.7,Not Fraud
T04681,38.39,6,57.3,0,5,31.9,Not Fraud
T01613,97.99,19,7.9,0,0,47.6,Fraud
T00011,80.58,5,323.7,1,1,26,Fraud
T03591,38.34,15,80.7,0,1,43.9,Not Fraud
T03231,16.67,18,64.4,0,1,5.4,Fraud
T01577,14.1,3,95.1,0,3,23,Not Fraud
T04576,41.51,0,32.9,0,1,1.9,Not Fraud
T00370,26.16,16,13.2,0,3,36.7,Not Fraud
T04012,44.29,4,70.1,0,2,30.9,Not Fraud
T00929,62.38,23,4.4,0,1,30.8,Not Fraud
T02623,24.67,20,11,0,2,29.4,Not Fraud
T01997,53.27,18,20.3,0,2,9.9,Not Fraud
T02816,25.65,21,7.2,0,2,36.3,Not Fraud
T00693,67.4,15,3.2,0,1,45.6,Fraud
T02052,100.72,15,2.9,0,3,40.4,Not Fraud
T02956,37.36,0,2.6,0,1,39.9,Not Fraud
T01697,153,0,14.2,0,2,11.5,Not Fraud
T04764,80.81,7,6.7,0,4,37.1,Not Fraud
T01648,207.52,15,23.6,0,1,56.1,Not Fraud
T03426,9.29,23,10.8,0,2,44.6,Not Fraud
T04993,14.28,18,405.1,0,2,11,Fraud
T01210,33.98,15,10.4,0,4,12.2,Not Fraud
T04647,6.75,6,45.6,0,1,32,Not Fraud
T02229,69.53,21,5.5,1,3,8.7,Not Fraud
T02939,52.32,10,0.8,0,4,57.1,Not Fraud
T02288,86.97,6,9.1,0,3,26.5,Fraud
T01326,4.89,15,88.5,0,5,23.4,Not Fraud
T02157,81.27,8,19.1,0,2,32.9,Fraud
T01353,361.91,3,7.3,0,2,44.5,Not Fraud
T02481,4.86,6,9.6,0,3,66.1,Not Fraud
T02857,5.71,11,1.8,0,2,24.4,Not Fraud
T01880,69.09,11,6,0,5,28,Not Fraud
T03434,20.05,14,58.7,0,0,21.3,Not Fraud
T04956,14.95,18,4.1,0,2,35.4,Fraud
T03396,13.46,10,12.2,0,2,13.7,Not Fraud
T02071,21.2,22,1.2,0,2,41,Not Fraud
T00911,36.2,14,5,0,1,44.5,Not Fraud
T03640,35.55,5,1.8,0,3,6.5,Not Fraud
T00798,116.63,16,50.6,0,2,16.7,Not Fraud
T04853,34.97,6,9.5,0,1,56.4,Fraud
T01652,29.27,14,139.4,0,4,58.4,Fraud
T03897,37.92,9,20.3,0,2,22.5,Not Fraud
T00745,28.39,2,2,0,0,50.7,Not Fraud
T01958,21.96,20,1,0,2,50.7,Not Fraud
T02029,12.52,14,21.4,0,4,17.6,Not Fraud
T01002,4.69,1,24.1,0,2,9.6,Not Fraud
T01248,6.84,4,23.7,0,2,18.2,Not Fraud
T01348,26.97,5,4.6,0,0,44.3,Not Fraud
T00179,38.1,1,2.8,0,1,8.8,Not Fraud
T01203,20.29,3,4.9,0,5,48.9,Not Fraud
T00639,9.85,10,93.1,0,1,10.2,Not Fraud
T03049,45.38,5,2.7,0,0,26.9,Not Fraud
T03862,13.61,0,66.2,0,0,12.7,Not Fraud
T03601,30.05,8,1.8,1,1,21.2,Fraud
T04713,117.65,11,38.7,0,1,19.2,Not Fraud
T02889,3.64,14,35.1,0,4,11.5,Not Fraud
T00483,261.86,4,1.2,0,2,53.4,Fraud
T03489,44.39,9,1.1,0,2,14,Fraud
T03362,36.26,14,0.6,0,1,13.8,Not Fraud
T04637,140.14,20,11.9,1,1,34.1,Not Fraud
T01765,21.39,16,27.7,0,1,18,Not Fraud
T02498,28.38,7,7.4,0,0,60.4,Not Fraud
T00021,20.75,7,7.9,0,1,33.9,Not Fraud
T02825,46.62,11,7.2,0,1,13.5,Not Fraud
T04393,32.62,7,6.4,0,0,33.5,Not Fraud
T04886,24.98,15,37.7,0,2,26.3,Not Fraud
T04676,8.6,22,59.8,0,3,12.6,Not Fraud
T01788,129.05,6,14.4,0,5,12.1,Fraud
T03962,9.84,15,11.4,0,1,46.6,Not Fraud
T01395,7.44,0,127.5,1,1,21.3,Fraud
T02938,36.78,23,7.1,0,4,2.5,Not Fraud
T03523,33.63,19,64.4,0,0,40.8,Not Fraud
T02918,128.14,13,4.5,0,1,16.6,Not Fraud
T02010,14.38,8,1.2,0,3,39.4,Not Fraud
T04856,13.89,22,40.5,1,0,14.8,Fraud
T02872,52.51,15,41.6,0,4,34.7,Not Fraud
T04218,40.03,6,19.1,0,0,37.6,Not Fraud
T01368,10.2,14,1.8,0,2,60.3,Not Fraud
T00567,17.51,21,15,0,2,31.1,Not Fraud
T00561,196.64,15,8.2,0,4,19.8,Not Fraud
T03769,4.96,22,0.4,0,2,74.4,Not Fraud
T03729,61.63,3,97.8,0,0,53.7,Fraud
T01646,134.28,13,32.2,0,3,28.1,Not Fraud
T00592,7.25,17,13.8,0,2,49.4,Not Fraud
T02922,64.07,11,13,0,3,19.4,Not Fraud
T02067,11.57,21,19,0,1,19.1,Not Fraud
T01019,11.73,9,27.2,0,0,41.7,Not Fraud
T04142,90.63,11,3.9,0,1,28.9,Not Fraud
T03237,28.47,21,3.7,1,2,14.1,Not Fraud
T01588,100.21,7,36.7,0,2,18.9,Not Fraud
T00264,35.21,21,11.7,0,3,34,Not Fraud
T04672,46.45,14,0.1,1,1,51.3,Fraud
T03748,73.39,0,2.4,0,0,25.7,Not Fraud
T02996,15.11,22,2.4,0,1,43.1,Not Fraud
T03289,20.63,9,2.5,1,1,26.4,Not Fraud
T03058,104.6,18,15.7,0,1,14.4,Not Fraud
T03792,138.09,16,1.6,0,2,19.5,Not Fraud
T01206,56.63,19,7.9,0,4,14.3,Not Fraud
T02254,18.85,9,1.8,0,2,23.2,Not Fraud
T03183,53.08,17,7.5,0,2,55.4,Not Fraud
T00654,76.8,2,2.1,0,1,43.5,Not Fraud
T00514,9.08,14,13.3,0,3,8.6,Fraud
T00085,188.11,21,263.3,1,6,38.4,Fraud
T04257,24.7,11,59.9,0,1,36.3,Not Fraud
T01307,15.45,0,7.4,0,7,34.8,Not Fraud
T03674,41.87,4,75.1,0,1,23.1,Not Fraud
T00047,30.44,23,4.9,0,4,14.5,Not Fraud
T02766,7.64,5,17.9,0,4,11.5,Not Fraud
T00811,31.81,12,16.3,0,0,39.2,Not Fraud
T02707,11.67,5,1.9,0,4,10.2,Not Fraud
T03996,7.35,2,6.3,0,2,50.8,Fraud
T02417,11.47,6,14.8,0,2,38.8,Not Fraud
T01362,57.51,4,22.3,0,2,60.7,Fraud
T01493,10.35,13,367.3,0,3,15.1,Not Fraud
T03905,113.87,23,26.7,0,2,44.8,Not Fraud
T02564,25.76,4,33.8,0,0,15,Not Fraud
T01130,78.37,3,2.9,0,1,23.2,Not Fraud
T03414,12.96,7,2,0,1,7.5,Not Fraud
T01176,9.92,7,6,0,3,24,Not Fraud
T04295,39.8,22,14.4,0,3,21.8,Fraud
T01083,20.45,20,12.2,0,2,16.4,Not Fraud
T04706,3.47,12,5.8,0,2,36.7,Not Fraud
T00763,66.01,4,10,0,0,17.7,Not Fraud
T00472,137.34,9,12.7,0,2,18.5,Not Fraud
T02075,34.79,18,5.5,0,3,47.2,Not Fraud
T03627,12.22,19,1.3,0,5,17.3,Not Fraud
T02455,13.16,18,9.7,0,5,24.7,Not Fraud
T01595,9,21,32.2,0,2,22.8,Not Fraud
T04164,10.55,16,4.8,0,1,35,Not Fraud
T01460,73.51,22,192.1,0,1,27.3,Not Fraud
T02899,100.46,18,1.7,0,3,32.8,Not Fraud
T03080,14.13,17,0.6,0,0,21.7,Not Fraud
T00719,148.26,8,70.2,1,1,52.9,Fraud
T01881,21.41,3,0.4,0,2,7.5,Not Fraud
T00612,25.54,14,0.1,0,0,23.9,Not Fraud
T00076,20.22,14,4.8,0,3,38.6,Not Fraud
T01258,78.53,11,2.6,0,2,31.1,Not Fraud
T03853,99.04,2,1.8,0,0,40.8,Fraud
T01633,160.08,11,6.5,0,2,8.6,Not Fraud
T04359,17.28,19,162.6,0,4,19.5,Fraud
T02399,255.92,19,2.5,0,3,51.4,Not Fraud
T01448,103.27,3,16.9,0,4,66.7,Fraud
T00484,56.92,22,4.1,0,0,28.8,Not Fraud
T01665,89.35,23,14.7,0,1,59.1,Not Fraud
T04937,10.68,9,5.7,0,2,27.6,Not Fraud
T02505,11.3,0,7.6,0,1,46.5,Not Fraud
T00418,18.55,22,123.3,0,5,46.2,Fraud
T04966,53.99,9,7.9,0,4,35.9,Not Fraud
T04062,26.93,21,5.2,0,0,33,Not Fraud
T01608,31.54,19,3.5,0,1,22.7,Not Fraud
T02069,52.63,11,37.1,0,2,26,Not Fraud
T03524,8.95,3,0.9,0,3,40.3,Not Fraud
T00097,59.41,7,5.8,0,2,20.4,Not Fraud
T00458,12.82,12,48.6,0,2,11.2,Not Fraud
T04791,22.04,3,10.9,0,2,41.4,Not Fraud
T01246,3.45,13,85.5,0,3,6.5,Fraud
T02947,23.64,23,24.6,0,3,39.2,Fraud
T00326,62.03,22,6.6,0,1,46.6,Not Fraud
T04425,195.54,20,4,0,2,42.7,Not Fraud
T04471,228.35,3,17.3,0,0,12.1,Not Fraud
T04090,44.94,2,18.4,0,3,28.1,Not Fraud
T03821,60.82,5,21.3,0,1,51.9,Not Fraud
T00884,12.15,19,39.2,0,0,53.7,Not Fraud
T02526,9.15,16,4.1,0,4,40.5,Not Fraud
T03624,27.89,7,19.4,0,2,27,Not Fraud
T01784,100.85,0,3.7,0,3,30.1,Not Fraud
T04600,65.98,22,2.5,0,1,15.5,Not Fraud
T03898,696.78,5,24.8,0,2,32.9,Fraud
T02529,62.05,10,8.2,0,5,7.9,Not Fraud
T02630,26.81,4,4.7,0,1,15.5,Not Fraud
T00164,77.64,10,4.6,0,1,12.4,Not Fraud
T01356,10.63,13,15.3,1,2,7.8,Not Fraud
T04968,34.54,8,0.6,0,1,18.3,Not Fraud
T02041,330.94,1,48.1,0,3,32.1,Not Fraud
T00739,148.85,18,54.4,0,2,64.7,Not Fraud
T01620,108.38,11,4.7,0,1,13.4,Fraud
T02338,95.42,17,210.5,0,4,31.1,Not Fraud
T04746,36.2,9,32.3,0,2,17.8,Not Fraud
T03794,88.81,16,61.2,0,1,6.6,Not Fraud
T00906,104.05,9,19.9,0,3,23.2,Not Fraud
T03343,14.68,4,54.5,0,3,43.3,Fraud
T02123,31.96,6,30,0,1,23,Not Fraud
T01606,15.52,1,21.9,0,5,10.4,Not Fraud
T00950,11.92,19,4.1,0,1,41.2,Not Fraud
T01306,25.69,16,3.8,0,2,9,Not Fraud
T04054,10.99,10,39.2,0,2,15,Not Fraud
T04945,26.26,4,21,0,0,63.3,Fraud
T00530,141.02,10,5.1,0,4,18.9,Not Fraud
T02807,69.05,15,56.6,0,0,23.7,Not Fraud
T02397,34.61,7,11,0,2,24.4,Not Fraud
T04772,17.04,17,39.5,0,1,9.5,Not Fraud
T00709,8.25,1,2.1,0,2,19.6,Not Fraud
T04369,28.1,13,6.2,0,3,16.1,Not Fraud
T00916,31.65,1,9.3,0,3,6.2,Not Fraud
T04465,3.08,3,0.4,0,1,67.2,Fraud
T03042,49.31,22,298,0,1,40.3,Fraud
T01155,249.07,16,18.3,0,1,37.6,Not Fraud
T03723,75.73,19,10.4,0,1,27.9,Not Fraud
T00172,109.88,15,5,0,1,8.1,Not Fraud
T00983,27.8,10,25.6,0,4,27.8,Not Fraud
T03385,19.26,14,68.1,0,1,8.3,Not Fraud
T01795,27.83,4,11.2,0,1,29.8,Not Fraud
T02811,229.35,2,6.4,0,1,24.6,Not Fraud
T04429,93.41,10,12.8,0,3,40.5,Not Fraud
T00036,22.96,22,9.5,0,4,13.5,Not Fraud
T01062,33.6,6,46.7,0,2,7.7,Not Fraud
T04803,17.78,12,6.1,0,2,32.8,Fraud
T01523,89.05,12,9.4,0,4,26.9,Not Fraud
T03878,21.93,22,32.4,0,2,24.9,Not Fraud
T01756,16.77,8,55.7,0,2,20.5,Fraud
T04781,9.56,1,9,0,1,10.2,Not Fraud
T01802,12.37,22,206.4,0,1,11.6,Fraud
T04034,30.92,10,12.8,0,2,5.7,Not Fraud
T01088,39.52,6,9.1,0,2,12.4,Not Fraud
T02978,21.79,9,2.5,0,0,43.1,Not Fraud
T00565,38.57,20,1.6,0,1,9.6,Not Fraud
T01968,23.38,19,5.7,0,3,18.4,Fraud
T04735,190.38,6,1.1,0,2,11.3,Not Fraud
T04591,79.36,15,30.6,0,3,49.5,Fraud
T02580,31.36,9,54.3,0,4,11.3,Not Fraud
T00273,9.4,7,18.8,0,0,41.2,Not Fraud
T03528,55.18,2,46.3,0,2,35.6,Not Fraud
T04623,11.4,17,1.4,0,0,14.9,Not Fraud
T03675,85,1,10.4,0,4,32.5,Not Fraud
T00779,36.26,14,8.2,0,3,19.1,Not Fraud
T03013,10.45,5,13,0,1,33.2,Not Fraud
T04711,7.18,17,23,0,1,80.3,Not Fraud
T03820,12.18,23,33.2,0,3,19,Not Fraud
T04995,151.95,10,20.7,0,2,32.6,Not Fraud
T03054,36.43,19,7.4,0,0,21.8,Not Fraud
T02846,89.57,15,0.3,0,1,14.2,Not Fraud
T04180,14.65,19,20.5,0,3,22.4,Not Fraud
T00225,84.62,21,4.2,0,1,26.1,Not Fraud
T02648,13.64,13,36.8,0,1,20.7,Not Fraud
T04344,58.62,9,181.2,0,2,26.5,Not Fraud
T00914,64.54,2,14.5,0,0,37.3,Not Fraud
T00284,8.37,22,2,0,3,42.1,Not Fraud
T04481,78.96,1,102.8,0,2,39.6,Not Fraud
T00033,13.78,16,8.7,0,4,26.1,Not Fraud
T00573,22.93,2,10.6,0,3,18.9,Not Fraud
T03713,68.32,11,57.7,0,5,8.4,Not Fraud
T01525,117.97,21,9.9,0,3,16.6,Not Fraud
T00688,138.35,14,6,0,1,32,Not Fraud
T04679,126.88,6,1.4,0,0,11.7,Not Fraud
T00008,9.84,8,0.6,0,1,20.1,Not Fraud
T02351,13.92,6,65.7,0,3,28,Fraud
T04413,28.89,7,2.4,0,3,25.1,Not Fraud
T04512,31.36,6,4.9,0,2,32.6,Not Fraud
T04674,15.27,17,0.9,0,0,7,Not Fraud
T04327,38.09,17,14.9,0,2,35.7,Not Fraud
T02734,21.41,17,3.3,0,5,22.2,Not Fraud
T00799,16.48,4,1.2,0,8,26.1,Not Fraud
T04919,117.56,19,0.6,0,3,17,Not Fraud
T02250,19.86,11,1.4,0,5,11.1,Not Fraud
T03435,89.92,8,1.5,0,0,36.5,Not Fraud
T02091,72.64,9,13.9,0,1,41.4,Not Fraud
T01560,198.55,6,26,0,3,13.8,Not Fraud
T04255,32.42,2,3.1,0,3,16.2,Fraud
T02443,8.39,7,3.6,0,2,52.1,Not Fraud
T01172,49.74,1,56.4,0,6,32.2,Not Fraud
T00971,54.3,19,25.1,0,1,40.1,Not Fraud
T03667,23.28,23,17.8,0,2,28.8,Not Fraud
T01322,39.74,14,38.9,1,2,66.9,Not Fraud
T00601,35.06,12,4.1,0,3,65.6,Not Fraud
T01705,2.92,6,36.9,0,2,30.8,Not Fraud
T02055,18.12,8,0.9,0,1,44.9,Not Fraud
T01799,26.77,0,6.9,0,1,19.4,Not Fraud
T03899,17.38,16,76,0,5,38.3,Fraud
T00128,113.88,13,1.5,0,1,39.9,Not Fraud
T01518,49.23,19,20.1,0,0,44.9,Not Fraud
T04113,18.87,19,7.7,0,2,29.1,Not Fraud
T01400,15.37,23,175,0,3,29.7,Fraud
T00729,437.33,15,4.4,0,0,22,Not Fraud
T04131,256.08,7,4.1,0,2,25.3,Not Fraud
T01967,97.17,11,3.7,0,2,36.3,Not Fraud
T00904,26.33,18,5.1,0,0,1.3,Not Fraud
T00488,17.93,14,14.7,0,2,9.6,Not Fraud
T03427,108.87,17,0.7,0,3,40,Not Fraud
T02694,65.49,3,5.8,0,5,13.2,Fraud
T02278,52.8,5,26.1,0,3,28.9,Not Fraud
T02547,32.92,0,3,0,2,30.3,Not Fraud
T04267,29.14,2,50.8,0,2,9.8,Fraud
T03779,14.6,22,17.3,0,3,37,Not Fraud
T02831,19.49,2,1.5,0,4,26.2,Fraud
T00604,81.35,12,8.9,0,2,38.6,Not Fraud
T01103,18.73,11,2.2,0,4,18.9,Not Fraud
T02865,2.74,12,8,0,2,15.3,Not Fraud
T02820,25.05,23,14,0,3,21,Not Fraud
T01991,30.16,2,0.9,1,2,8.2,Not Fraud
T01082,22.43,18,41.9,0,1,17.2,Not Fraud
T03634,42.01,9,8,0,4,31.4,Not Fraud
T03975,50.16,2,14.4,0,2,6.5,Not Fraud
T01093,13.25,2,14.1,0,4,35.5,Not Fraud
T02641,48.91,3,13.5,0,1,22.4,Not Fraud
T03502,25.03,0,4.4,0,5,13.6,Not Fraud
T01309,35.51,10,12.3,0,2,30.9,Not Fraud
T01320,199.58,22,10.5,0,1,57.2,Not Fraud
T00014,21.14,8,15.3,0,6,30.1,Not Fraud
T04920,28.19,10,39.7,0,1,14.4,Not Fraud
T02941,4.96,15,10.8,0,0,12.9,Not Fraud
T00330,53.48,1,53,0,2,41.2,Fraud
T03412,4.11,7,5.5,0,1,82.5,Not Fraud
T02788,96.53,7,27.1,0,1,39.7,Not Fraud
T04790,182.51,13,26.4,0,3,9.3,Not Fraud
T03981,47.58,20,48,0,2,18.1,Not Fraud
T04590,73,23,1.7,0,2,65,Not Fraud
T01704,197.53,15,1.4,0,2,56.5,Fraud
T02070,67.47,10,17.9,0,1,20.9,Not Fraud
T01641,13.67,8,3.3,0,5,37.7,Not Fraud
T01985,22.29,11,16.8,0,1,22.6,Not Fraud
T04680,12.8,12,2.3,1,1,26.6,Not Fraud
T01887,11.81,12,15.8,0,2,39.1,Not Fraud
T03888,91.77,12,27.8,0,6,42.2,Not Fraud
T04947,76.38,10,6.7,0,2,20.8,Not Fraud
T01424,87.81,21,1.7,0,2,56.1,Not Fraud
T02770,304.63,3,4.5,0,4,13.6,Fraud
T01694,9.34,10,31.3,0,1,48.3,Not Fraud
T04879,20.28,17,1,0,0,29.2,Not Fraud
T04575,95.98,8,18.2,0,1,36.5,Not Fraud
T03784,60.3,6,4.2,0,1,56.7,Not Fraud
T04747,50.83,22,13,0,1,10.9,Not Fraud
T04208,23.76,3,14.4,0,2,14.1,Not Fraud
T04452,49.65,2,1.4,0,0,2.3,Not Fraud
T02289,26.68,23,9.2,0,1,36.6,Not Fraud
T01796,257.68,5,7.4,0,1,11.6,Not Fraud
T02827,19.87,17,52.4,1,1,16.1,Not Fraud
T01330,74.06,22,37.2,0,3,1.7,Not Fraud
T02248,106.53,14,40.8,0,3,24.1,Fraud
T04657,107.01,16,0.3,0,3,52.8,Fraud
T04150,25.57,0,1.7,0,3,19.5,Not Fraud
T02955,427.5,0,2.2,0,1,34.5,Not Fraud
T03349,13.36,15,5.6,0,4,40.5,Not Fraud
T04832,62.36,12,29.9,0,3,12.7,Not Fraud
T00349,66.31,3,12.9,0,2,34.2,Not Fraud
T02815,197.84,14,27,0,1,25.6,Not Fraud
T01522,38.05,23,54.5,0,2,9.2,Fraud
T01391,3.05,0,4.4,0,2,44,Fraud
T02880,159.88,12,8.9,0,2,43,Not Fraud
T02082,78.06,1,123.5,0,2,30,Not Fraud
T00469,117.82,18,6.8,0,2,14.2,Not Fraud
T04620,12.97,13,0.8,0,0,60.3,Fraud
T02390,72.27,5,4.2,0,1,3.4,Not Fraud
T03900,22.91,18,109.5,0,3,20.7,Not Fraud
T02629,4.8,16,0.5,0,1,24.1,Not Fraud
T02940,34.68,5,1.5,0,6,47.9,Fraud
T04300,32.29,23,6.9,0,3,14.4,Not Fraud
T04593,97.42,5,8.8,0,0,26.2,Not Fraud
T04736,253.61,1,6.1,0,2,36.7,Not Fraud
T04152,102.49,6,16.2,0,3,45.9,Not Fraud
T00105,42.58,4,5.1,0,0,36.5,Not Fraud
T03019,24.39,23,14,0,2,21.5,Not Fraud
T00460,40.84,17,24.3,0,3,49.5,Not Fraud
T04566,69.96,12,3.7,1,1,49.5,Not Fraud
T04330,131.28,21,2,0,1,25.7,Not Fraud
T01057,8.31,11,2.5,0,2,46.8,Fraud
T01643,36.87,2,17.4,0,3,31.3,Not Fraud
T03003,68.97,6,32.5,0,2,27.6,Not Fraud
T02062,9.33,0,5.9,0,3,29.8,Not Fraud
T04479,227.02,18,2.1,0,3,12.8,Not Fraud
T04407,44.91,10,4.7,1,2,45.6,Not Fraud
T03893,53.01,3,8.3,0,2,27.9,Fraud
T02122,45.27,19,7.4,0,2,9.9,Not Fraud
T01566,96.47,21,8.5,0,1,69.4,Not Fraud
T01147,57.51,19,2,0,2,18.9,Not Fraud
T04821,32.98,9,1.7,0,4,67.5,Not Fraud
T04494,61.92,0,11.3,0,3,45.4,Not Fraud
T03316,161.68,9,67.6,0,1,8.4,Not Fraud
T03577,4.83,2,23.4,0,4,63.3,Fraud
T01301,86.79,6,53.3,0,1,11.4,Not Fraud
T04092,16.14,20,8.8,0,3,22.7,Not Fraud
T04519,24.11,8,11.3,1,2,58.4,Not Fraud
T02653,126.19,12,4,0,0,27,Not Fraud
T01016,39.25,1,1.5,0,4,52.6,Not Fraud
T04475,661.54,7,35,0,3,52.4,Fraud
T00962,65.74,17,1.3,0,2,19.9,Not Fraud
T03397,56.92,23,16.8,0,5,59.2,Not Fraud
T01067,75.42,15,90.6,0,2,10.3,Not Fraud
T03419,449.6,13,13,0,2,24.3,Not Fraud
T01149,109.25,5,2.7,0,2,38,Not Fraud
T00665,20.86,15,45.5,0,1,19,Fraud
T01647,20.98,18,25.2,1,1,29.4,Not Fraud
T03422,18.25,3,6.3,0,1,38.8,Not Fraud
T02575,17.15,23,17.8,0,0,25.5,Not Fraud
T04314,56.9,9,72.9,0,0,8.7,Not Fraud
T01022,12.93,13,109.3,0,1,57.5,Not Fraud
T04555,18.95,5,12.5,0,2,18.6,Not Fraud
T04666,44.93,18,72.5,0,1,17.6,Not Fraud
T02448,23.83,23,118.2,0,1,4.6,Not Fraud
T01745,150.25,15,170.7,0,4,45.9,Fraud
T00296,51.36,7,4.5,0,1,8.3,Not Fraud
T00795,27.32,1,8.7,0,5,21.1,Not Fraud
T02318,10.19,11,11.5,0,4,36.9,Not Fraud
T01734,24.03,10,32.1,0,1,60.3,Not Fraud
T04991,89.14,19,52.7,0,1,41.3,Fraud
T01430,152.99,6,12.5,0,2,39.4,Not Fraud
T04274,142.93,12,6.6,0,1,23.7,Not Fraud
T01328,15.47,2,34.2,0,7,39.2,Fraud
T00203,16.32,9,18.1,0,5,26.7,Not Fraud
T01733,36.62,7,13.6,0,3,27.6,Not Fraud
T02617,21.98,23,4,0,1,11.8,Not Fraud
T03021,41.75,1,18,0,2,37.5,Not Fraud
T03600,32.2,16,8.3,0,4,13.8,Not Fraud
T00256,122.59,18,2.6,1,1,15.4,Not Fraud
T04569,54.65,18,9.5,1,2,10.9,Fraud
T01587,20.01,3,11.2,0,0,36.7,Not Fraud
T03676,80.73,8,19.6,1,0,46.9,Not Fraud
T03286,21.12,11,1.2,0,1,37.1,Not Fraud
T02540,73.29,11,4.5,0,4,32.1,Not Fraud
T00281,4.26,0,9.6,0,1,13.1,Not Fraud
T02316,88.75,15,91.5,0,1,39.6,Not Fraud
T00391,9.64,18,1.9,0,2,18,Not Fraud
T02958,18.33,5,0.4,0,1,10,Not Fraud
T03041,9.56,20,30,0,3,35.1,Not Fraud
T02894,35.35,7,2.3,0,5,44.7,Not Fraud
T02749,13.09,12,78.8,0,2,21.5,Not Fraud
T02133,135.26,20,19.3,0,4,53.6,Not Fraud
T04938,14.04,14,18.9,0,2,51.4,Not Fraud
T04140,15.16,16,27.6,0,2,40.3,Not Fraud
T03284,125.51,20,184.2,0,2,33.7,Fraud
T00750,182,12,15.6,0,2,5.9,Not Fraud
T03374,19.47,2,15.3,0,0,11.8,Not Fraud
T04470,10.51,6,3.3,0,1,45.3,Not Fraud
T04561,45.69,23,1.9,0,3,32.3,Not Fraud
T03351,9.44,22,9.1,0,1,47.2,Not Fraud
T02722,34.33,18,53.6,0,3,16.1,Not Fraud
T04586,10.13,4,40.2,0,4,38.3,Not Fraud
T04018,69.42,21,2.2,0,3,39.3,Not Fraud
T00441,50.95,13,55,0,2,15.3,Not Fraud
T01809,96.12,16,6.9,0,2,56.3,Not Fraud
T03213,25.57,13,154.5,0,3,8.2,Not Fraud
T01027,26.89,3,7.9,0,2,8.6,Not Fraud
T01953,18.25,1,203,0,2,34.5,Fraud
T03668,59.83,20,10.4,0,3,10.7,Not Fraud
T03989,7.41,0,1.8,0,1,57.3,Not Fraud
T00896,8.11,16,12.9,0,0,11.3,Not Fraud
T03515,31.93,3,66.7,0,2,65.4,Not Fraud
T01891,62.67,9,20.3,0,2,34.4,Not Fraud
T03834,33.59,14,23.4,0,3,24,Not Fraud
T04771,22.44,7,20.7,0,4,45.3,Fraud
T01977,42.03,3,192.3,0,3,24.8,Fraud
T00016,45.06,17,0.5,0,2,12.2,Not Fraud
T04242,52.3,23,2.5,0,3,40.2,Not Fraud
T01239,201.18,1,2.1,1,0,39.2,Not Fraud
T02530,6.12,10,2.9,0,2,40,Not Fraud
T00250,38.16,20,39.5,0,2,16.3,Not Fraud
T01122,9.3,1,15.5,0,1,26.2,Not Fraud
T03199,21.17,14,8.7,0,1,7.2,Not Fraud
T00223,10.6,18,1.9,0,1,42.6,Not Fraud
T02504,29.26,12,5.3,0,4,69.3,Not Fraud
T04823,62.39,19,21.2,1,1,33.2,Not Fraud
T00361,219.41,8,7.6,0,4,43,Not Fraud
T02252,122.12,16,6.5,0,0,32.2,Not Fraud
T04301,111.65,19,6.9,0,2,50.2,Not Fraud
T01670,9.87,2,28.2,0,2,9.8,Not Fraud
T00640,18.26,2,5.1,0,2,1.9,Not Fraud
T01783,92.32,19,15.1,0,1,13.2,Not Fraud
T03516,202.7,6,7.9,0,3,20.4,Not Fraud
T01038,5.24,22,9,0,1,66.4,Not Fraud
T03509,61.31,23,34.3,0,3,29.7,Fraud
T03120,50.35,18,1.7,0,3,32.1,Not Fraud
T02141,112.99,22,0.6,0,3,32.4,Not Fraud
T00463,40.6,2,6,0,1,37.9,Not Fraud
T03735,12.62,23,16.6,0,2,21,Not Fraud
T02678,33.23,7,17.6,0,0,10.6,Not Fraud
T02840,73.53,5,29.8,0,4,32.1,Not Fraud
T00591,7.73,5,1,0,1,16.2,Not Fraud
T02817,34.39,0,12.9,0,4,46.9,Not Fraud
T02112,11.01,20,50.6,0,3,47.5,Not Fraud
T00830,49.18,1,12.8,0,4,43.8,Fraud
T04813,142.47,22,4.7,0,3,52.3,Not Fraud
T00156,11.4,8,16.8,0,1,16.8,Not Fraud
T03638,57.05,23,23.3,0,0,19.8,Not Fraud
T02805,531.41,21,5.7,0,5,37.9,Not Fraud
T04065,78.22,3,10.4,0,4,26.5,Not Fraud
T00048,20.83,6,2.3,0,2,82.8,Not Fraud
T00797,18.24,9,0.6,0,3,43,Not Fraud
T03529,22.3,22,1.2,0,2,17.5,Not Fraud
T03530,44.65,21,34.1,0,2,28,Not Fraud
T00322,98.81,2,74,0,5,20.6,Not Fraud
T04120,237.2,0,4.3,0,4,8.8,Not Fraud
T04921,92.94,4,32.3,0,1,33,Not Fraud
T03754,17.32,23,5.5,1,6,22.5,Not Fraud
T02292,1.18,22,7.5,0,4,17.8,Not Fraud
T03988,4.94,23,0.6,0,2,12.2,Not Fraud
T00543,36.17,0,91.1,0,2,7.6,Fraud
T03623,11.25,11,10,0,4,39.5,Not Fraud
T02416,37.11,17,14.8,0,2,17,Not Fraud
T01196,5.04,15,20.6,0,0,46.4,Fraud
T01699,43.31,8,30.6,1,7,34.1,Not Fraud
T01481,20.76,6,3.7,0,1,11.6,Not Fraud
T03403,163.1,11,1.6,0,4,51.1,Not Fraud
T04490,22.11,6,4,0,2,23.7,Not Fraud
T00487,9.88,16,1.2,0,1,30.3,Not Fraud
T02792,98.25,7,115.6,0,1,14.7,Not Fraud
T00737,4.04,19,1.2,0,2,10.4,Not Fraud
T00957,11.24,16,16.6,0,4,10.7,Not Fraud
T00034,21.53,15,72,0,1,60,Fraud
T03184,10.25,10,16.1,0,1,7.3,Not Fraud
T01408,33.47,5,2.8,0,4,12.5,Not Fraud
T01482,9.03,20,16.6,0,1,31.4,Not Fraud
T01104,92.49,20,4.8,0,2,29.2,Not Fraud
T04216,8.89,5,1.2,0,2,7,Not Fraud
T03163,116.8,23,4.2,0,2,58.7,Fraud
T04353,59.02,1,25.8,0,1,51.3,Not Fraud
T03808,165.71,10,4.3,1,2,42.7,Not Fraud
T04043,2.31,15,1.5,0,4,58.5,Not Fraud
T04774,744.69,21,2.8,0,1,26.4,Not Fraud
T03483,14.18,6,115.1,0,4,38.4,Not Fraud
T02566,61.18,10,1.5,0,3,36,Not Fraud
T00988,27.02,4,123.4,0,1,17.1,Fraud
T00926,90.22,21,5,0,3,37.3,Not Fraud
T04338,9.77,12,1,0,5,34,Not Fraud
T02253,9.45,8,16.8,0,2,26.1,Not Fraud
T03761,149.63,0,3,0,4,34.2,Not Fraud
T01513,5.23,5,5.2,0,1,38,Not Fraud
T04340,181.42,16,11.6,0,3,9,Not Fraud
T00625,8.49,12,12.8,0,2,3.5,Not Fraud
T01875,28.09,0,11.7,0,3,15.8,Not Fraud
T00305,59.84,17,3.5,0,3,59.9,Not Fraud
T01999,76.94,18,4.1,0,1,33,Not Fraud
T02258,235.95,10,6.6,0,2,40.7,Not Fraud
T03851,5.32,6,20.7,0,1,12.1,Not Fraud
T00360,12.07,19,27.8,0,3,52.3,Not Fraud
T02312,9.88,21,17.7,0,4,23.5,Not Fraud
T00667,8.47,22,0.9,0,1,48.4,Not Fraud
T03837,56.36,17,8.6,0,5,23.6,Not Fraud
T03129,55.94,12,41,0,0,6.5,Not Fraud
T00381,127.66,7,11.5,0,3,44.2,Fraud
T01380,56.11,22,76.7,0,2,38.7,Not Fraud
T03957,14.65,2,90,0,1,40.9,Not Fraud
T01074,13.29,4,2.7,0,3,49.8,Not Fraud
T03925,469.02,23,12.1,0,1,8.9,Fraud
T02851,12.14,2,16.2,0,2,24.7,Not Fraud
T03443,7.2,6,19.2,0,1,39.6,Not Fraud
T02706,74.41,9,3.8,0,1,50.5,Not Fraud
T01414,55.38,10,7.1,0,2,52.4,Not Fraud
T01927,27.02,22,22.7,0,1,40.3,Not Fraud
T03130,16.91,3,3.9,0,0,21.9,Not Fraud
T03320,15.62,13,6,0,3,25.1,Not Fraud
T00219,27.35,7,100.5,0,2,17.7,Not Fraud
T02830,62.7,7,3.9,0,3,28,Not Fraud
T00935,315.66,4,0.3,0,2,21.2,Not Fraud
T04521,11.57,13,33.8,1,1,33,Not Fraud
T00265,15.91,22,3.1,0,3,30.9,Not Fraud
T01129,42.01,10,4.1,0,1,34.2,Not Fraud
T03235,24.32,21,1.2,0,2,7.3,Not Fraud
T00287,3.07,18,3.9,0,1,40.9,Not Fraud
T00001,227.07,14,47.6,0,2,42.7,Not Fraud
T01639,31.99,5,0.8,0,3,12.8,Not Fraud
T04649,15.49,14,5.4,0,6,27.6,Not Fraud
T04949,13.75,22,91,0,2,41.4,Not Fraud
T03966,78.8,21,125.3,0,3,30.7,Not Fraud
T03444,32.87,5,20.4,0,2,10.6,Not Fraud
T03170,7.61,12,5.5,0,3,35.2,Not Fraud
T04739,85.42,21,5.6,0,2,7,Not Fraud
T00115,39.82,16,132.7,0,3,32.4,Not Fraud
T04177,29.23,14,75.4,0,4,3.4,Not Fraud
T00845,11.27,21,3.1,0,1,8.2,Not Fraud
T00302,24.77,16,34.5,0,2,55,Not Fraud
T04667,55.36,12,35.7,0,3,53.4,Not Fraud
T00118,117.21,4,118.2,0,0,24.9,Not Fraud
T03088,15.12,12,20.8,0,3,35.6,Not Fraud
T00167,24.79,2,8.3,0,4,49.8,Not Fraud
T01853,14.11,21,4.1,0,2,19.8,Not Fraud
T02080,16.92,23,2.8,0,5,9.9,Not Fraud
T02081,8.23,1,14,0,2,13.8,Not Fraud
T01988,32.42,19,18.9,0,2,34.7,Not Fraud
T03772,20.51,3,2.4,0,0,67.7,Fraud
T00800,16.77,17,107.9,1,0,11,Not Fraud
T04474,36.24,12,17.3,0,2,52.5,Not Fraud
T01305,9.84,6,17.5,0,0,21.9,Not Fraud
T02528,10.65,4,1.7,0,3,19.5,Not Fraud
T00368,67.49,14,37.8,0,2,55.4,Not Fraud
T01575,8.26,6,2.6,0,2,5.9,Not Fraud
T03796,128.37,16,409.8,0,2,12.8,Fraud
T03404,13.18,16,12.6,0,1,17.8,Not Fraud
T03500,15.46,1,5.9,0,1,18.8,Not Fraud
T03290,130.32,3,223.1,0,4,24.7,Fraud
T01777,24.62,13,19.4,0,5,49.7,Not Fraud
T01974,62.72,16,2.1,0,1,31.5,Not Fraud
T02847,12.88,10,2.8,1,1,20.7,Not Fraud
T03819,75.78,11,3.3,0,7,27.6,Fraud
T02642,7.84,21,7.4,0,1,26.7,Not Fraud
T01671,38.55,11,1.2,0,2,51.1,Not Fraud
T00257,4.06,3,4.3,0,1,10,Not Fraud
T03245,47.66,23,4,0,2,16,Not Fraud
T01520,56.02,4,5.8,0,3,33.2,Not Fraud
T01559,74.65,4,0.7,0,4,9.7,Not Fraud
T02944,276.86,2,56.7,0,0,17.9,Fraud
T02251,29.57,2,6.5,0,1,19.9,Not Fraud
T03620,68.79,15,19.8,0,5,34.3,Not Fraud
T00813,34.69,3,43.6,1,1,26.5,Not Fraud
T04869,171.73,6,13.4,0,3,35.8,Not Fraud
T00027,50.3,8,1,0,2,37.9,Not Fraud
T01616,24.38,21,42.6,0,2,30.6,Not Fraud
T01510,80.96,1,1.1,0,1,38.7,Not Fraud
T04299,46.23,23,6.3,0,1,18.7,Not Fraud
T03736,30.24,6,15.7,0,5,26,Not Fraud
T04587,80.38,21,1.8,0,0,50.9,Not Fraud
T01453,18.49,2,6.9,0,5,32.7,Not Fraud
T03431,26.84,9,12.5,0,1,37.7,Fraud
T01554,26,20,3.5,0,0,37.7,Not Fraud
T01873,156.2,22,4.5,1,3,66.4,Not Fraud
T00455,12.32,11,19.8,1,1,44.5,Not Fraud
T01345,16.66,5,14.1,0,4,9.6,Not Fraud
T01058,142.79,14,12.8,0,1,17.5,Not Fraud
T04011,233.95,14,0.4,1,0,20.7,Not Fraud
T04525,4.4,9,24.2,0,1,48.4,Not Fraud
T00989,21.06,16,14.3,0,0,28.6,Not Fraud
T04434,15.72,3,15.2,1,3,20.8,Not Fraud
T03632,17.54,11,94.8,0,1,16.7,Not Fraud
T04480,62.9,17,143.1,0,1,25.7,Not Fraud
T03118,167.73,4,3.5,0,2,24.2,Not Fraud
T02032,24.06,9,90.6,0,3,43.5,Not Fraud
T04625,7.1,19,5.9,0,3,27.3,Not Fraud
T03039,60.55,23,3,0,4,17.1,Not Fraud
T02104,64.15,3,7.8,0,0,25.1,Not Fraud
T00817,12.61,4,1.7,0,4,38.3,Fraud
T00653,10.22,15,3.3,1,3,23.8,Not Fraud
T02054,12.68,20,13.3,0,4,17,Not Fraud
T00616,30.02,19,41.6,0,1,10.9,Not Fraud
T00672,123.55,14,0.4,0,5,18.5,Not Fraud
T02008,71.75,5,17.5,0,2,36.3,Not Fraud
T03533,139.8,12,1.7,0,3,5.9,Not Fraud
T00025,11.26,9,0.7,0,2,32.8,Not Fraud
T02093,206.46,20,2.3,0,4,15.8,Not Fraud
T02913,47.05,14,18.4,0,1,4.7,Not Fraud
T04347,466.23,14,26.7,0,1,10.4,Not Fraud
T01601,128.82,17,4.3,0,1,12.7,Not Fraud
T04389,9.11,10,2.9,0,0,22.4,Not Fraud
T00402,118.51,16,5.1,0,3,19.4,Not Fraud
T02321,19.8,15,281.7,0,1,26.3,Fraud
T04653,24.04,19,6.5,0,2,30.9,Not Fraud
T02007,50.82,3,5.9,0,2,27.8,Not Fraud
T00065,34.93,15,2.4,0,2,28.4,Not Fraud
T04583,32.01,0,0.5,0,1,18.1,Not Fraud
T02003,21.97,9,2.2,0,1,43.6,Not Fraud
T04731,5.32,10,21.6,0,3,63.2,Fraud
T02460,11.3,9,2.3,0,6,43.4,Not Fraud
T02276,45.53,18,32.7,1,4,31.4,Fraud
T03562,61.59,7,4.9,1,3,46,Not Fraud
T02686,153.45,9,3.1,0,4,24.6,Not Fraud
T04805,147.08,6,77,0,5,54.2,Fraud
T01134,48.76,21,8.7,0,3,36.3,Fraud
T03612,42.05,9,1.9,0,0,2.5,Not Fraud
T02211,10.44,19,5.6,0,5,2.9,Not Fraud
T03965,84.97,10,10,0,2,20.2,Not Fraud
T01611,26.91,5,3,0,3,7.9,Not Fraud
T04417,350.89,22,117.9,0,1,39.2,Not Fraud
T03811,5.87,10,0.4,0,3,22.3,Not Fraud
T01205,50.01,0,4.5,0,3,28.5,Not Fraud
T01919,99.68,20,9.6,0,2,24.4,Not Fraud
T00430,32.93,0,25.7,0,2,9.2,Not Fraud
T01242,40.83,12,12.3,0,2,35.6,Not Fraud
T04094,20.63,5,5.1,0,1,46.6,Not Fraud
T01923,27.68,3,6.5,1,0,33.5,Not Fraud
T02447,133.25,10,20.3,0,2,17.7,Not Fraud
T04168,29.67,20,10,0,3,36.3,Not Fraud
T02061,154.42,4,1.5,0,3,73,Fraud
T01785,27.99,11,83.9,0,3,18.4,Not Fraud
T03409,46.87,8,6.8,0,5,21.8,Fraud
T04073,30.74,2,16.9,0,4,9.3,Not Fraud
T02391,2.89,2,6.1,0,0,13.4,Not Fraud
T04761,40.37,12,22.8,0,2,4.8,Not Fraud
T03504,252.95,16,1.1,0,0,34.7,Not Fraud
T00968,867.67,5,4,0,3,21.7,Not Fraud
T02359,19.71,4,11.1,0,2,24.2,Not Fraud
T04875,11.24,15,13.7,0,1,32.6,Not Fraud
T00131,7.57,3,61.6,0,0,51.4,Not Fraud
T03131,42.45,23,7.6,0,0,64.3,Not Fraud
T01879,9.02,23,3.9,0,2,16.8,Not Fraud
T01315,16.62,7,13.6,0,1,46.2,Not Fraud
T00171,35.97,13,2.3,0,2,14.5,Fraud
T02727,102.98,6,18.4,0,5,38.8,Not Fraud
T01819,90.08,5,16.3,0,0,8.1,Not Fraud
T00160,145.1,3,52.3,0,5,8.5,Not Fraud
T02269,61.63,0,3.4,0,3,30.9,Not Fraud
T00614,12.76,7,6.8,0,3,12.4,Not Fraud
T04078,22.73,2,226.7,0,3,27.9,Fraud
T02551,27.59,15,8,0,4,29.4,Not Fraud
T03217,24.54,15,1.8,0,2,29.1,Not Fraud
T02380,64.74,15,39.6,0,3,17.1,Not Fraud
T04333,9.43,21,19.8,0,3,19.8,Not Fraud
T01456,31.74,20,8.8,0,1,19.3,Not Fraud
T01472,46.16,10,3.2,0,4,44.4,Not Fraud
T01237,60.34,10,31.4,0,5,16.6,Fraud
T01480,24.7,23,160.8,0,1,14.7,Not Fraud
T03193,124.64,14,2.9,0,2,17.1,Not Fraud
T01971,114.77,0,15.9,0,1,15.3,Not Fraud
T04602,53.23,18,53.6,0,3,29.4,Not Fraud
T02255,18.73,9,42.2,0,2,35.4,Fraud
T03205,59.24,20,6.4,0,3,18.9,Fraud
T02718,5.42,21,9.9,1,2,32,Not Fraud
T03697,107.49,23,14.7,0,4,21.8,Not Fraud
T02016,52.05,23,26.4,0,1,55.2,Fraud
T02035,94.68,6,35.2,0,2,6.4,Not Fraud
T04272,95.81,17,7.6,0,0,23.9,Not Fraud
T02647,7.65,10,2,0,4,23.7,Not Fraud
T01213,8.88,23,6.3,0,1,13.7,Not Fraud
T02809,33.78,8,0.9,0,2,29.5,Not Fraud
T04809,38.69,14,62.1,0,4,15.7,Not Fraud
T04371,81.72,17,27.1,0,2,17.7,Not Fraud
T01403,29.29,20,15.6,0,6,36,Not Fraud
T01548,79.15,12,14.2,1,2,11,Not Fraud
T02089,70.29,12,18.2,0,1,54.6,Not Fraud
T03932,42.71,10,9.1,0,2,21.2,Not Fraud
T04426,25.76,8,4.2,0,3,8.7,Not Fraud
T00758,20.48,13,12.5,0,3,36.5,Not Fraud
T01550,6.97,23,7.2,0,1,17.7,Not Fraud
T04243,15.3,16,4.9,1,4,3.1,Not Fraud
T02999,94.74,1,1.1,0,0,35.6,Not Fraud
T00844,83.45,14,4,0,1,35.5,Not Fraud
T04751,45.25,19,1,0,3,24,Not Fraud
T03985,24.56,1,16.6,0,1,8.9,Not Fraud
T03670,18.64,13,15.4,1,3,18.2,Not Fraud
T02959,119.43,21,30.9,0,2,23.5,Not Fraud
T01216,362.44,7,48.1,0,4,26.2,Not Fraud
T03510,51.15,4,69.3,0,1,16.7,Not Fraud
T01845,47.08,5,27.2,0,1,33.8,Not Fraud
T04438,20.23,20,34.9,0,1,23.7,Not Fraud
T01398,22.03,14,4.4,0,1,51.4,Not Fraud
T03531,42.13,11,30.7,1,4,22.5,Not Fraud
T02169,23.14,23,5.3,0,3,18.8,Not Fraud
T02494,97.73,15,22,0,3,52.1,Not Fraud
T02837,77.54,7,16,0,0,69,Not Fraud
T04563,42.17,0,2.4,0,2,9.2,Not Fraud
T02355,205.89,11,13.7,0,0,22.4,Not Fraud
T01649,33.34,7,13.4,0,2,4.8,Not Fraud
T04349,57.65,2,2.6,0,3,14.7,Not Fraud
T01551,276.31,5,30.9,1,2,26.6,Not Fraud
T04141,30.65,23,7.9,0,4,7,Not Fraud
T00946,49.79,9,7.4,0,2,40.8,Not Fraud
T00803,60.13,15,139.7,0,1,8.8,Not Fraud
T03415,145.7,9,2.4,0,3,22.2,Not Fraud
T02549,37.71,19,2.9,1,1,34.7,Fraud
T03181,62.79,23,65,0,4,1.8,Not Fraud
T04074,87.13,7,30.8,0,3,23.6,Not Fraud
T00421,87.74,10,11.4,0,0,30.8,Not Fraud
T03916,10.76,22,4.7,0,2,14.4,Not Fraud
T02624,46.05,1,10.8,0,1,25.4,Not Fraud
T01854,33.64,4,52.5,0,2,5.4,Not Fraud
T02272,24.7,0,31.7,1,2,30.1,Not Fraud
T00327,10.65,12,113,0,0,32.2,Not Fraud
T03642,74.25,12,49.7,0,4,4.8,Not Fraud
T02396,76.11,18,5.8,0,5,34.5,Not Fraud
T00055,53.5,9,74.3,0,3,36.1,Not Fraud
T00663,35.49,16,41.5,0,1,31.2,Fraud
T01532,25.3,22,7,0,2,40.8,Not Fraud
T01416,78.96,15,1.5,0,2,27.7,Not Fraud
T01597,11.91,11,6.6,1,0,41.5,Not Fraud
T01247,83.39,3,10.5,0,2,7.7,Not Fraud
T04108,36.54,12,53.6,0,4,9.2,Not Fraud
T02604,122.77,23,2.9,1,5,9.6,Not Fraud
T03177,5.94,12,17,0,1,18.7,Not Fraud
T01114,128.52,6,24.2,0,3,37.5,Not Fraud
T04199,13.73,13,1.5,0,4,11.4,Not Fraud
T00385,166.13,7,8.4,1,3,34.3,Fraud
T01123,44.06,17,2.4,0,2,27.5,Not Fraud
T03662,28.35,17,2,0,2,35,Not Fraud
T03477,75.43,9,4.9,0,1,31.5,Not Fraud
T01476,41.7,7,1.1,0,2,28.4,Not Fraud
T02780,192.63,3,12,0,2,23.3,Not Fraud
T01471,77.89,6,2,0,2,22.6,Not Fraud
T02905,46.96,11,0.9,0,4,11.4,Not Fraud
T00680,46.9,10,5.3,0,2,38.9,Not Fraud
T04852,55.43,19,37,0,2,4.4,Not Fraud
T00570,25.15,19,5,0,4,16.2,Not Fraud
T01984,14.88,13,0.4,0,4,35.2,Not Fraud
T02036,13.94,20,5.3,0,3,41.2,Not Fraud
T02113,14.42,14,3.7,0,3,32.7,Not Fraud
T02882,286.78,4,1.2,0,2,59.1,Not Fraud
T02663,218.75,8,13,0,1,29.6,Fraud
T02606,114.2,23,16.1,0,4,43.5,Fraud
T04310,138.15,13,2.3,0,1,31,Not Fraud
T00908,68.77,22,33.4,0,5,11.2,Not Fraud
T00786,108.15,4,79.1,0,3,32.5,Fraud
T00932,46.55,23,75.1,0,0,30.6,Not Fraud
T03855,16.77,17,3.8,1,2,15.1,Not Fraud
T03411,24.53,21,0.4,1,3,27,Not Fraud
T00291,52.7,6,27.6,0,1,11.6,Not Fraud
T01556,164.17,5,7.7,0,1,26.6,Not Fraud
T04610,16.69,11,26.8,0,1,9.8,Not Fraud
T03462,16.02,7,7.9,0,1,55.4,Not Fraud
T00778,69.94,10,34,0,1,6.2,Not Fraud
T03433,24.83,5,3.6,0,2,1.5,Not Fraud
T03585,41.63,6,104.1,0,2,21.9,Not Fraud
T02871,104.94,7,329.5,0,3,33.6,Fraud
T02874,34.06,23,70,0,1,4.7,Not Fraud
T00051,62.61,8,14,0,2,27.6,Not Fraud
T04437,462.3,9,37.2,0,1,27.6,Not Fraud
T00336,13.46,8,5.6,1,2,20.6,Not Fraud
T01883,22.43,19,15.6,0,1,24.9,Not Fraud
T02331,55.14,13,159.9,0,6,45.2,Fraud
T03842,18.02,8,36.4,1,0,12.8,Not Fraud
T01852,6.02,21,14.2,0,3,25,Not Fraud
T02826,28.51,1,2.4,1,1,63,Fraud
T04578,305.86,10,40.2,0,1,40.8,Not Fraud
T03712,26.38,21,10.3,1,0,28.2,Not Fraud